initiative_id,month,planned_spend,actual_spend,cumulative_planned,cumulative_actual,forecast_spend,benefit_realized
INIT-001,2026-01,75580,64130,75580,64130,76678,0
INIT-001,2026-02,144150,145369,219730,209499,146244,0
INIT-001,2026-03,199076,205162,418806,414661,201968,0
INIT-001,2026-04,199076,183106,617882,597767,201968,0
INIT-001,2026-05,144150,132420,762032,730187,146244,0
INIT-001,2026-06,75580,61136,837612,791323,76678,0
INIT-001,2026-07,28694,23929,866306,815252,29111,507
INIT-001,2026-08,0,,866306,,0,
INIT-001,2026-09,0,,866306,,0,
INIT-001,2026-10,0,,866306,,0,
INIT-001,2026-11,0,,866306,,0,
INIT-001,2026-12,0,,866306,,0,
INIT-001,2027-01,0,,866306,,0,
INIT-001,2027-02,0,,866306,,0,
INIT-001,2027-03,0,,866306,,0,
INIT-001,2027-04,0,,866306,,0,
INIT-001,2027-05,0,,866306,,0,
INIT-001,2027-06,0,,866306,,0,
INIT-001,2027-07,0,,866306,,0,
INIT-001,2027-08,0,,866306,,0,
INIT-001,2027-09,0,,866306,,0,
INIT-001,2027-10,0,,866306,,0,
INIT-001,2027-11,0,,866306,,0,
INIT-001,2027-12,0,,866306,,0,
INIT-002,2026-01,0,0,0,0,0,0
INIT-002,2026-02,26198,34277,26198,34277,29111,0
INIT-002,2026-03,44784,50829,70982,85106,49764,0
INIT-002,2026-04,71275,90923,142257,176029,79201,0
INIT-002,2026-05,105610,139523,247867,315552,117354,0
INIT-002,2026-06,145688,141668,393555,457220,161889,0
INIT-002,2026-07,187109,216753,580664,673973,207916,0
INIT-002,2026-08,223726,,804390,,248605,
INIT-002,2026-09,249051,,1053441,,276747,
INIT-002,2026-10,258115,,1311556,,286819,
INIT-002,2026-11,249051,,1560607,,276747,
INIT-002,2026-12,223726,,1784333,,248605,
INIT-002,2027-01,187109,,1971442,,207916,
INIT-002,2027-02,145688,,2117130,,161889,
INIT-002,2027-03,105610,,2222740,,117354,
INIT-002,2027-04,71275,,2294015,,79201,
INIT-002,2027-05,44784,,2338799,,49764,
INIT-002,2027-06,26198,,2364997,,29111,
INIT-002,2027-07,0,,2364997,,0,
INIT-002,2027-08,0,,2364997,,0,
INIT-002,2027-09,0,,2364997,,0,
INIT-002,2027-10,0,,2364997,,0,
INIT-002,2027-11,0,,2364997,,0,
INIT-002,2027-12,0,,2364997,,0,
INIT-003,2026-01,198298,233194,198298,233194,236694,0
INIT-003,2026-02,299763,366094,498061,599288,357805,0
INIT-003,2026-03,368560,431978,866621,1031266,439923,0
INIT-003,2026-04,368560,352892,1235181,1384158,439923,0
INIT-003,2026-05,299763,354008,1534944,1738166,357805,0
INIT-003,2026-06,198298,214695,1733242,1952861,236694,0
INIT-003,2026-07,106691,140456,1839933,2093317,127349,0
INIT-003,2026-08,46688,,1886621,,55728,
INIT-003,2026-09,0,,1886621,,0,
INIT-003,2026-10,0,,1886621,,0,
INIT-003,2026-11,0,,1886621,,0,
INIT-003,2026-12,0,,1886621,,0,
INIT-003,2027-01,0,,1886621,,0,
INIT-003,2027-02,0,,1886621,,0,
INIT-003,2027-03,0,,1886621,,0,
INIT-003,2027-04,0,,1886621,,0,
INIT-003,2027-05,0,,1886621,,0,
INIT-003,2027-06,0,,1886621,,0,
INIT-003,2027-07,0,,1886621,,0,
INIT-003,2027-08,0,,1886621,,0,
INIT-003,2027-09,0,,1886621,,0,
INIT-003,2027-10,0,,1886621,,0,
INIT-003,2027-11,0,,1886621,,0,
INIT-003,2027-12,0,,1886621,,0,
INIT-004,2026-01,0,0,0,0,0,0
INIT-004,2026-02,31177,39542,31177,39542,31605,0
INIT-004,2026-03,76130,74340,107307,113882,77176,0
INIT-004,2026-04,144047,145447,251354,259329,146025,0
INIT-004,2026-05,211188,271650,462542,530979,214088,0
INIT-004,2026-06,239916,260467,702458,791446,243211,0
INIT-004,2026-07,211188,232327,913646,1023773,214088,0
INIT-004,2026-08,144047,,1057693,,146025,
INIT-004,2026-09,76130,,1133823,,77176,
INIT-004,2026-10,31177,,1165000,,31605,
INIT-004,2026-11,0,,1165000,,0,
INIT-004,2026-12,0,,1165000,,0,
INIT-004,2027-01,0,,1165000,,0,
INIT-004,2027-02,0,,1165000,,0,
INIT-004,2027-03,0,,1165000,,0,
INIT-004,2027-04,0,,1165000,,0,
INIT-004,2027-05,0,,1165000,,0,
INIT-004,2027-06,0,,1165000,,0,
INIT-004,2027-07,0,,1165000,,0,
INIT-004,2027-08,0,,1165000,,0,
INIT-004,2027-09,0,,1165000,,0,
INIT-004,2027-10,0,,1165000,,0,
INIT-004,2027-11,0,,1165000,,0,
INIT-004,2027-12,0,,1165000,,0,
INIT-005,2026-01,0,0,0,0,0,0
INIT-005,2026-02,27915,26061,27915,26061,27590,0
INIT-005,2026-03,44436,37393,72351,63454,43919,0
INIT-005,2026-04,67173,63910,139524,127364,66392,0
INIT-005,2026-05,96433,81664,235957,209028,95311,0
INIT-005,2026-06,131468,109015,367425,318043,129939,0
INIT-005,2026-07,170209,169458,537634,487501,168229,0
INIT-005,2026-08,209273,,746907,,206839,
INIT-005,2026-09,244349,,991256,,241507,
INIT-005,2026-10,270941,,1262197,,267790,
INIT-005,2026-11,285304,,1547501,,281985,
INIT-005,2026-12,285304,,1832805,,281985,
INIT-005,2027-01,270941,,2103746,,267790,
INIT-005,2027-02,244349,,2348095,,241507,
INIT-005,2027-03,209273,,2557368,,206839,
INIT-005,2027-04,170209,,2727577,,168229,
INIT-005,2027-05,131468,,2859045,,129939,
INIT-005,2027-06,96433,,2955478,,95311,
INIT-005,2027-07,67173,,3022651,,66392,
INIT-005,2027-08,44436,,3067087,,43919,
INIT-005,2027-09,27915,,3095002,,27590,
INIT-005,2027-10,0,,3095002,,0,
INIT-005,2027-11,0,,3095002,,0,
INIT-005,2027-12,0,,3095002,,0,
INIT-006,2026-01,0,0,0,0,0,0
INIT-006,2026-02,23368,25081,23368,25081,25512,0
INIT-006,2026-03,43985,56878,67353,81959,48020,0
INIT-006,2026-04,74508,91938,141861,173897,81344,0
INIT-006,2026-05,113587,120243,255448,294140,124008,0
INIT-006,2026-06,155837,153456,411285,447596,170134,0
INIT-006,2026-07,192412,250293,603697,697889,210064,0
INIT-006,2026-08,213803,,817500,,233418,
INIT-006,2026-09,213803,,1031303,,233418,
INIT-006,2026-10,192412,,1223715,,210064,
INIT-006,2026-11,155837,,1379552,,170134,
INIT-006,2026-12,113587,,1493139,,124008,
INIT-006,2027-01,74508,,1567647,,81344,
INIT-006,2027-02,43985,,1611632,,48020,
INIT-006,2027-03,23368,,1635000,,25512,
INIT-006,2027-04,0,,1635000,,0,
INIT-006,2027-05,0,,1635000,,0,
INIT-006,2027-06,0,,1635000,,0,
INIT-006,2027-07,0,,1635000,,0,
INIT-006,2027-08,0,,1635000,,0,
INIT-006,2027-09,0,,1635000,,0,
INIT-006,2027-10,0,,1635000,,0,
INIT-006,2027-11,0,,1635000,,0,
INIT-006,2027-12,0,,1635000,,0,
INIT-007,2026-01,0,0,0,0,0,0
INIT-007,2026-02,0,0,0,0,0,0
INIT-007,2026-03,0,0,0,0,0,0
INIT-007,2026-04,0,0,0,0,0,0
INIT-007,2026-05,30612,27333,30612,27333,31547,0
INIT-007,2026-06,62727,63189,93339,90522,64643,0
INIT-007,2026-07,111354,97508,204693,188030,114756,0
INIT-007,2026-08,171255,,375948,,176486,
INIT-007,2026-09,228175,,604123,,235145,
INIT-007,2026-10,263378,,867501,,271424,
INIT-007,2026-11,263378,,1130879,,271424,
INIT-007,2026-12,228175,,1359054,,235145,
INIT-007,2027-01,171255,,1530309,,176486,
INIT-007,2027-02,111354,,1641663,,114756,
INIT-007,2027-03,62727,,1704390,,64643,
INIT-007,2027-04,30612,,1735002,,31547,
INIT-007,2027-05,0,,1735002,,0,
INIT-007,2027-06,0,,1735002,,0,
INIT-007,2027-07,0,,1735002,,0,
INIT-007,2027-08,0,,1735002,,0,
INIT-007,2027-09,0,,1735002,,0,
INIT-007,2027-10,0,,1735002,,0,
INIT-007,2027-11,0,,1735002,,0,
INIT-007,2027-12,0,,1735002,,0,
INIT-008,2026-01,0,0,0,0,0,0
INIT-008,2026-02,0,0,0,0,0,0
INIT-008,2026-03,0,0,0,0,0,0
INIT-008,2026-04,31406,36432,31406,36432,35023,0
INIT-008,2026-05,64354,65641,95760,102073,71766,0
INIT-008,2026-06,114242,125630,210002,227703,127399,0
INIT-008,2026-07,175696,169539,385698,397242,195931,0
INIT-008,2026-08,234093,,619791,,261053,
INIT-008,2026-09,270210,,890001,,301330,
INIT-008,2026-10,270210,,1160211,,301330,
INIT-008,2026-11,234093,,1394304,,261053,
INIT-008,2026-12,175696,,1570000,,195931,
INIT-008,2027-01,114242,,1684242,,127399,
INIT-008,2027-02,64354,,1748596,,71766,
INIT-008,2027-03,31406,,1780002,,35023,
INIT-008,2027-04,0,,1780002,,0,
INIT-008,2027-05,0,,1780002,,0,
INIT-008,2027-06,0,,1780002,,0,
INIT-008,2027-07,0,,1780002,,0,
INIT-008,2027-08,0,,1780002,,0,
INIT-008,2027-09,0,,1780002,,0,
INIT-008,2027-10,0,,1780002,,0,
INIT-008,2027-11,0,,1780002,,0,
INIT-008,2027-12,0,,1780002,,0,
INIT-009,2026-01,0,0,0,0,0,0
INIT-009,2026-02,0,0,0,0,0,0
INIT-009,2026-03,0,0,0,0,0,0
INIT-009,2026-04,0,0,0,0,0,0
INIT-009,2026-05,0,0,0,0,0,0
INIT-009,2026-06,0,0,0,0,0,0
INIT-009,2026-07,0,0,0,0,0,0
INIT-009,2026-08,0,,0,,0,
INIT-009,2026-09,0,,0,,0,
INIT-009,2026-10,0,,0,,0,
INIT-009,2026-11,29551,,29551,,27726,
INIT-009,2026-12,84798,,114349,,79562,
INIT-009,2027-01,159613,,273962,,149758,
INIT-009,2027-02,197075,,471037,,184907,
INIT-009,2027-03,159613,,630650,,149758,
INIT-009,2027-04,84798,,715448,,79562,
INIT-009,2027-05,29551,,744999,,27726,
INIT-009,2027-06,0,,744999,,0,
INIT-009,2027-07,0,,744999,,0,
INIT-009,2027-08,0,,744999,,0,
INIT-009,2027-09,0,,744999,,0,
INIT-009,2027-10,0,,744999,,0,
INIT-009,2027-11,0,,744999,,0,
INIT-009,2027-12,0,,744999,,0,
INIT-010,2026-01,0,0,0,0,0,0
INIT-010,2026-02,0,0,0,0,0,0
INIT-010,2026-03,0,0,0,0,0,0
INIT-010,2026-04,0,0,0,0,0,0
INIT-010,2026-05,0,0,0,0,0,0
INIT-010,2026-06,0,0,0,0,0,0
INIT-010,2026-07,0,0,0,0,0,0
INIT-010,2026-08,0,,0,,0,
INIT-010,2026-09,31357,,31357,,30197,
INIT-010,2026-10,56959,,88316,,54851,
INIT-010,2026-11,94385,,182701,,90892,
INIT-010,2026-12,142680,,325381,,137400,
INIT-010,2027-01,196763,,522144,,189482,
INIT-010,2027-02,247539,,769683,,238379,
INIT-010,2027-03,284095,,1053778,,273582,
INIT-010,2027-04,297443,,1351221,,286436,
INIT-010,2027-05,284095,,1635316,,273582,
INIT-010,2027-06,247539,,1882855,,238379,
INIT-010,2027-07,196763,,2079618,,189482,
INIT-010,2027-08,142680,,2222298,,137400,
INIT-010,2027-09,94385,,2316683,,90892,
INIT-010,2027-10,56959,,2373642,,54851,
INIT-010,2027-11,31357,,2404999,,30197,
INIT-010,2027-12,0,,2404999,,0,
INIT-011,2026-01,0,0,0,0,0,0
INIT-011,2026-02,0,0,0,0,0,0
INIT-011,2026-03,0,0,0,0,0,0
INIT-011,2026-04,0,0,0,0,0,0
INIT-011,2026-05,0,0,0,0,0,0
INIT-011,2026-06,43484,44825,43484,44825,50945,0
INIT-011,2026-07,99369,98081,142853,142906,116419,0
INIT-011,2026-08,184689,,327542,,216378,
INIT-011,2026-09,279191,,606733,,327094,
INIT-011,2026-10,343267,,950000,,402164,
INIT-011,2026-11,343267,,1293267,,402164,
INIT-011,2026-12,279191,,1572458,,327094,
INIT-011,2027-01,184689,,1757147,,216378,
INIT-011,2027-02,99369,,1856516,,116419,
INIT-011,2027-03,43484,,1900000,,50945,
INIT-011,2027-04,0,,1900000,,0,
INIT-011,2027-05,0,,1900000,,0,
INIT-011,2027-06,0,,1900000,,0,
INIT-011,2027-07,0,,1900000,,0,
INIT-011,2027-08,0,,1900000,,0,
INIT-011,2027-09,0,,1900000,,0,
INIT-011,2027-10,0,,1900000,,0,
INIT-011,2027-11,0,,1900000,,0,
INIT-011,2027-12,0,,1900000,,0,
INIT-012,2026-01,0,0,0,0,0,0
INIT-012,2026-02,0,0,0,0,0,0
INIT-012,2026-03,0,0,0,0,0,0
INIT-012,2026-04,28022,25962,28022,25962,26446,0
INIT-012,2026-05,60424,60409,88446,86371,57026,0
INIT-012,2026-06,109840,112722,198286,199093,103664,0
INIT-012,2026-07,168326,141145,366612,340238,158861,0
INIT-012,2026-08,217464,,584076,,205236,
INIT-012,2026-09,236846,,820922,,223529,
INIT-012,2026-10,217464,,1038386,,205236,
INIT-012,2026-11,168326,,1206712,,158861,
INIT-012,2026-12,109840,,1316552,,103664,
INIT-012,2027-01,60424,,1376976,,57026,
INIT-012,2027-02,28022,,1404998,,26446,
INIT-012,2027-03,0,,1404998,,0,
INIT-012,2027-04,0,,1404998,,0,
INIT-012,2027-05,0,,1404998,,0,
INIT-012,2027-06,0,,1404998,,0,
INIT-012,2027-07,0,,1404998,,0,
INIT-012,2027-08,0,,1404998,,0,
INIT-012,2027-09,0,,1404998,,0,
INIT-012,2027-10,0,,1404998,,0,
INIT-012,2027-11,0,,1404998,,0,
INIT-012,2027-12,0,,1404998,,0,
INIT-013,2026-01,0,0,0,0,0,0
INIT-013,2026-02,0,0,0,0,0,0
INIT-013,2026-03,0,0,0,0,0,0
INIT-013,2026-04,0,0,0,0,0,0
INIT-013,2026-05,0,0,0,0,0,0
INIT-013,2026-06,0,0,0,0,0,0
INIT-013,2026-07,0,0,0,0,0,0
INIT-013,2026-08,0,,0,,0,
INIT-013,2026-09,0,,0,,0,
INIT-013,2026-10,0,,0,,0,
INIT-013,2026-11,0,,0,,0,
INIT-013,2026-12,0,,0,,0,
INIT-013,2027-01,0,,0,,0,
INIT-013,2027-02,18306,,18306,,18890,
INIT-013,2027-03,26773,,45079,,27627,
INIT-013,2027-04,37883,,82962,,39091,
INIT-013,2027-05,51860,,134822,,53514,
INIT-013,2027-06,68686,,203508,,70877,
INIT-013,2027-07,88012,,291520,,90819,
INIT-013,2027-08,109109,,400629,,112589,
INIT-013,2027-09,130865,,531494,,135039,
INIT-013,2027-10,151855,,683349,,156698,
INIT-013,2027-11,170482,,853831,,175920,
INIT-013,2027-12,185170,,1039001,,191076,
INIT-014,2026-01,0,0,0,0,0,0
INIT-014,2026-02,0,0,0,0,0,0
INIT-014,2026-03,0,0,0,0,0,0
INIT-014,2026-04,0,0,0,0,0,0
INIT-014,2026-05,0,0,0,0,0,0
INIT-014,2026-06,0,0,0,0,0,0
INIT-014,2026-07,0,0,0,0,0,0
INIT-014,2026-08,0,,0,,0,
INIT-014,2026-09,0,,0,,0,
INIT-014,2026-10,0,,0,,0,
INIT-014,2026-11,0,,0,,0,
INIT-014,2026-12,0,,0,,0,
INIT-014,2027-01,0,,0,,0,
INIT-014,2027-02,0,,0,,0,
INIT-014,2027-03,0,,0,,0,
INIT-014,2027-04,0,,0,,0,
INIT-014,2027-05,0,,0,,0,
INIT-014,2027-06,30790,,30790,,31090,
INIT-014,2027-07,54172,,84962,,54699,
INIT-014,2027-08,87918,,172880,,88773,
INIT-014,2027-09,131623,,304503,,132903,
INIT-014,2027-10,181775,,486278,,183543,
INIT-014,2027-11,231573,,717851,,233826,
INIT-014,2027-12,272138,,989989,,274785,
INIT-015,2026-01,22831,24796,22831,24796,25280,0
INIT-015,2026-02,44724,51137,67555,75933,49521,0
INIT-015,2026-03,77530,100754,145085,176687,85846,0
INIT-015,2026-04,118933,127751,264018,304438,131691,0
INIT-015,2026-05,161450,174517,425468,478955,178768,0
INIT-015,2026-06,193946,243944,619414,722899,214750,0
INIT-015,2026-07,206171,203965,825585,926864,228286,0
INIT-015,2026-08,193946,,1019531,,214750,
INIT-015,2026-09,161450,,1180981,,178768,
INIT-015,2026-10,118933,,1299914,,131691,
INIT-015,2026-11,77530,,1377444,,85846,
INIT-015,2026-12,44724,,1422168,,49521,
INIT-015,2027-01,22831,,1444999,,25280,
INIT-015,2027-02,0,,1444999,,0,
INIT-015,2027-03,0,,1444999,,0,
INIT-015,2027-04,0,,1444999,,0,
INIT-015,2027-05,0,,1444999,,0,
INIT-015,2027-06,0,,1444999,,0,
INIT-015,2027-07,0,,1444999,,0,
INIT-015,2027-08,0,,1444999,,0,
INIT-015,2027-09,0,,1444999,,0,
INIT-015,2027-10,0,,1444999,,0,
INIT-015,2027-11,0,,1444999,,0,
INIT-015,2027-12,0,,1444999,,0,
INIT-016,2026-01,0,0,0,0,0,0
INIT-016,2026-02,21614,29026,21614,29026,24243,0
INIT-016,2026-03,44288,51217,65902,80243,49675,0
INIT-016,2026-04,78621,105909,144523,186152,88184,0
INIT-016,2026-05,120915,124793,265438,310945,135622,0
INIT-016,2026-06,161103,155403,426541,466348,180698,0
INIT-016,2026-07,185959,205491,612500,671839,208578,0
INIT-016,2026-08,185959,,798459,,208578,
INIT-016,2026-09,161103,,959562,,180698,
INIT-016,2026-10,120915,,1080477,,135622,
INIT-016,2026-11,78621,,1159098,,88184,
INIT-016,2026-12,44288,,1203386,,49675,
INIT-016,2027-01,21614,,1225000,,24243,
INIT-016,2027-02,0,,1225000,,0,
INIT-016,2027-03,0,,1225000,,0,
INIT-016,2027-04,0,,1225000,,0,
INIT-016,2027-05,0,,1225000,,0,
INIT-016,2027-06,0,,1225000,,0,
INIT-016,2027-07,0,,1225000,,0,
INIT-016,2027-08,0,,1225000,,0,
INIT-016,2027-09,0,,1225000,,0,
INIT-016,2027-10,0,,1225000,,0,
INIT-016,2027-11,0,,1225000,,0,
INIT-016,2027-12,0,,1225000,,0,
INIT-017,2026-01,0,0,0,0,0,0
INIT-017,2026-02,0,0,0,0,0,0
INIT-017,2026-03,0,0,0,0,0,0
INIT-017,2026-04,0,0,0,0,0,0
INIT-017,2026-05,0,0,0,0,0,0
INIT-017,2026-06,0,0,0,0,0,0
INIT-017,2026-07,22035,28556,22035,28556,26246,0
INIT-017,2026-08,40025,,62060,,47675,
INIT-017,2026-09,66325,,128385,,79001,
INIT-017,2026-10,100262,,228647,,119425,
INIT-017,2026-11,138266,,366913,,164692,
INIT-017,2026-12,173946,,540859,,207191,
INIT-017,2027-01,199634,,740493,,237789,
INIT-017,2027-02,209014,,949507,,248962,
INIT-017,2027-03,199634,,1149141,,237789,
INIT-017,2027-04,173946,,1323087,,207191,
INIT-017,2027-05,138266,,1461353,,164692,
INIT-017,2027-06,100262,,1561615,,119425,
INIT-017,2027-07,66325,,1627940,,79001,
INIT-017,2027-08,40025,,1667965,,47675,
INIT-017,2027-09,22035,,1690000,,26246,
INIT-017,2027-10,0,,1690000,,0,
INIT-017,2027-11,0,,1690000,,0,
INIT-017,2027-12,0,,1690000,,0,
INIT-018,2026-01,0,0,0,0,0,0
INIT-018,2026-02,0,0,0,0,0,0
INIT-018,2026-03,0,0,0,0,0,0
INIT-018,2026-04,0,0,0,0,0,0
INIT-018,2026-05,0,0,0,0,0,0
INIT-018,2026-06,0,0,0,0,0,0
INIT-018,2026-07,0,0,0,0,0,0
INIT-018,2026-08,30943,,30943,,29185,
INIT-018,2026-09,58243,,89186,,54934,
INIT-018,2026-10,98661,,187847,,93056,
INIT-018,2026-11,150407,,338254,,141862,
INIT-018,2026-12,206353,,544607,,194629,
INIT-018,2027-01,254784,,799391,,240309,
INIT-018,2027-02,283109,,1082500,,267025,
INIT-018,2027-03,283109,,1365609,,267025,
INIT-018,2027-04,254784,,1620393,,240309,
INIT-018,2027-05,206353,,1826746,,194629,
INIT-018,2027-06,150407,,1977153,,141862,
INIT-018,2027-07,98661,,2075814,,93056,
INIT-018,2027-08,58243,,2134057,,54934,
INIT-018,2027-09,30943,,2165000,,29185,
INIT-018,2027-10,0,,2165000,,0,
INIT-018,2027-11,0,,2165000,,0,
INIT-018,2027-12,0,,2165000,,0,
INIT-019,2026-01,0,0,0,0,0,0
INIT-019,2026-02,30441,25234,30441,25234,30685,0
INIT-019,2026-03,48456,42532,78897,67766,48844,0
INIT-019,2026-04,73250,59406,152147,127172,73836,0
INIT-019,2026-05,105157,106422,257304,233594,105998,0
INIT-019,2026-06,143361,145937,400665,379531,144508,0
INIT-019,2026-07,185607,163951,586272,543482,187092,0
INIT-019,2026-08,228205,,814477,,230031,
INIT-019,2026-09,266455,,1080932,,268587,
INIT-019,2026-10,295453,,1376385,,297817,
INIT-019,2026-11,311115,,1687500,,313604,
INIT-019,2026-12,311115,,1998615,,313604,
INIT-019,2027-01,295453,,2294068,,297817,
INIT-019,2027-02,266455,,2560523,,268587,
INIT-019,2027-03,228205,,2788728,,230031,
INIT-019,2027-04,185607,,2974335,,187092,
INIT-019,2027-05,143361,,3117696,,144508,
INIT-019,2027-06,105157,,3222853,,105998,
INIT-019,2027-07,73250,,3296103,,73836,
INIT-019,2027-08,48456,,3344559,,48844,
INIT-019,2027-09,30441,,3375000,,30685,
INIT-019,2027-10,0,,3375000,,0,
INIT-019,2027-11,0,,3375000,,0,
INIT-019,2027-12,0,,3375000,,0,
INIT-020,2026-01,0,0,0,0,0,0
INIT-020,2026-02,0,0,0,0,0,0
INIT-020,2026-03,0,0,0,0,0,0
INIT-020,2026-04,29188,38110,29188,38110,39157,0
INIT-020,2026-05,49897,49460,79085,87570,66940,0
INIT-020,2026-06,79413,99780,158498,187350,106537,0
INIT-020,2026-07,117667,146875,276165,334225,157857,0
INIT-020,2026-08,162321,,438486,,217763,
INIT-020,2026-09,208470,,646956,,279674,
INIT-020,2026-10,249268,,896224,,334407,
INIT-020,2026-11,277484,,1173708,,372260,
INIT-020,2026-12,287583,,1461291,,385809,
INIT-020,2027-01,277484,,1738775,,372260,
INIT-020,2027-02,249268,,1988043,,334407,
INIT-020,2027-03,208470,,2196513,,279674,
INIT-020,2027-04,162321,,2358834,,217763,
INIT-020,2027-05,117667,,2476501,,157857,
INIT-020,2027-06,79413,,2555914,,106537,
INIT-020,2027-07,49897,,2605811,,66940,
INIT-020,2027-08,29188,,2634999,,39157,
INIT-020,2027-09,0,,2634999,,0,
INIT-020,2027-10,0,,2634999,,0,
INIT-020,2027-11,0,,2634999,,0,
INIT-020,2027-12,0,,2634999,,0,
INIT-021,2026-01,0,0,0,0,0,0
INIT-021,2026-02,0,0,0,0,0,0
INIT-021,2026-03,0,0,0,0,0,0
INIT-021,2026-04,0,0,0,0,0,0
INIT-021,2026-05,0,0,0,0,0,0
INIT-021,2026-06,0,0,0,0,0,0
INIT-021,2026-07,0,0,0,0,0,0
INIT-021,2026-08,0,,0,,0,
INIT-021,2026-09,20366,,20366,,20223,
INIT-021,2026-10,38335,,58701,,38066,
INIT-021,2026-11,64939,,123640,,64483,
INIT-021,2026-12,98998,,222638,,98303,
INIT-021,2027-01,135821,,358459,,134868,
INIT-021,2027-02,167699,,526158,,166522,
INIT-021,2027-03,186342,,712500,,185034,
INIT-021,2027-04,186342,,898842,,185034,
INIT-021,2027-05,167699,,1066541,,166522,
INIT-021,2027-06,135821,,1202362,,134868,
INIT-021,2027-07,98998,,1301360,,98303,
INIT-021,2027-08,64939,,1366299,,64483,
INIT-021,2027-09,38335,,1404634,,38066,
INIT-021,2027-10,20366,,1425000,,20223,
INIT-021,2027-11,0,,1425000,,0,
INIT-021,2027-12,0,,1425000,,0,
INIT-022,2026-01,0,0,0,0,0,0
INIT-022,2026-02,0,0,0,0,0,0
INIT-022,2026-03,0,0,0,0,0,0
INIT-022,2026-04,0,0,0,0,0,0
INIT-022,2026-05,0,0,0,0,0,0
INIT-022,2026-06,0,0,0,0,0,0
INIT-022,2026-07,0,0,0,0,0,0
INIT-022,2026-08,0,,0,,0,
INIT-022,2026-09,0,,0,,0,
INIT-022,2026-10,22224,,22224,,24692,
INIT-022,2026-11,39100,,61324,,43442,
INIT-022,2026-12,63458,,124782,,70505,
INIT-022,2027-01,95004,,219786,,105554,
INIT-022,2027-02,131203,,350989,,145773,
INIT-022,2027-03,167147,,518136,,185709,
INIT-022,2027-04,196426,,714562,,218239,
INIT-022,2027-05,212937,,927499,,236584,
INIT-022,2027-06,212937,,1140436,,236584,
INIT-022,2027-07,196426,,1336862,,218239,
INIT-022,2027-08,167147,,1504009,,185709,
INIT-022,2027-09,131203,,1635212,,145773,
INIT-022,2027-10,95004,,1730216,,105554,
INIT-022,2027-11,63458,,1793674,,70505,
INIT-022,2027-12,39100,,1832774,,43442,
INIT-023,2026-01,0,0,0,0,0,0
INIT-023,2026-02,23202,18692,23202,18692,22373,0
INIT-023,2026-03,47542,47049,70744,65741,45843,0
INIT-023,2026-04,84398,80998,155142,146739,81381,0
INIT-023,2026-05,129798,110648,284940,257387,125159,0
INIT-023,2026-06,172939,147022,457879,404409,166758,0
INIT-023,2026-07,199621,173998,657500,578407,192486,0
INIT-023,2026-08,199621,,857121,,192486,
INIT-023,2026-09,172939,,1030060,,166758,
INIT-023,2026-10,129798,,1159858,,125159,
INIT-023,2026-11,84398,,1244256,,81381,
INIT-023,2026-12,47542,,1291798,,45843,
INIT-023,2027-01,23202,,1315000,,22373,
INIT-023,2027-02,0,,1315000,,0,
INIT-023,2027-03,0,,1315000,,0,
INIT-023,2027-04,0,,1315000,,0,
INIT-023,2027-05,0,,1315000,,0,
INIT-023,2027-06,0,,1315000,,0,
INIT-023,2027-07,0,,1315000,,0,
INIT-023,2027-08,0,,1315000,,0,
INIT-023,2027-09,0,,1315000,,0,
INIT-023,2027-10,0,,1315000,,0,
INIT-023,2027-11,0,,1315000,,0,
INIT-023,2027-12,0,,1315000,,0,
INIT-024,2026-01,0,0,0,0,0,0
INIT-024,2026-02,0,0,0,0,0,0
INIT-024,2026-03,0,0,0,0,0,0
INIT-024,2026-04,0,0,0,0,0,0
INIT-024,2026-05,0,0,0,0,0,0
INIT-024,2026-06,0,0,0,0,0,0
INIT-024,2026-07,0,0,0,0,0,0
INIT-024,2026-08,0,,0,,0,
INIT-024,2026-09,0,,0,,0,
INIT-024,2026-10,0,,0,,0,
INIT-024,2026-11,0,,0,,0,
INIT-024,2026-12,0,,0,,0,
INIT-024,2027-01,22344,,22344,,20846,
INIT-024,2027-02,39311,,61655,,36676,
INIT-024,2027-03,63800,,125455,,59524,
INIT-024,2027-04,95516,,220971,,89114,
INIT-024,2027-05,131911,,352882,,123070,
INIT-024,2027-06,168048,,520930,,156785,
INIT-024,2027-07,197485,,718415,,184249,
INIT-024,2027-08,214085,,932500,,199736,
INIT-024,2027-09,214085,,1146585,,199736,
INIT-024,2027-10,197485,,1344070,,184249,
INIT-024,2027-11,168048,,1512118,,156785,
INIT-024,2027-12,131911,,1644029,,123070,
INIT-025,2026-01,0,0,0,0,0,0
INIT-025,2026-02,0,0,0,0,0,0
INIT-025,2026-03,0,0,0,0,0,0
INIT-025,2026-04,0,0,0,0,0,0
INIT-025,2026-05,0,0,0,0,0,0
INIT-025,2026-06,0,0,0,0,0,0
INIT-025,2026-07,25928,30152,25928,30152,33188,0
INIT-025,2026-08,55908,,81836,,71562,
INIT-025,2026-09,101631,,183467,,130088,
INIT-025,2026-10,155747,,339214,,199356,
INIT-025,2026-11,201213,,540427,,257553,
INIT-025,2026-12,219146,,759573,,280507,
INIT-025,2027-01,201213,,960786,,257553,
INIT-025,2027-02,155747,,1116533,,199356,
INIT-025,2027-03,101631,,1218164,,130088,
INIT-025,2027-04,55908,,1274072,,71562,
INIT-025,2027-05,25928,,1300000,,33188,
INIT-025,2027-06,0,,1300000,,0,
INIT-025,2027-07,0,,1300000,,0,
INIT-025,2027-08,0,,1300000,,0,
INIT-025,2027-09,0,,1300000,,0,
INIT-025,2027-10,0,,1300000,,0,
INIT-025,2027-11,0,,1300000,,0,
INIT-025,2027-12,0,,1300000,,0,
INIT-026,2026-01,28124,35411,28124,35411,30699,0
INIT-026,2026-02,55093,67128,83217,102539,60138,0
INIT-026,2026-03,95504,101145,178721,203684,104250,0
INIT-026,2026-04,146505,148409,325226,352093,159921,0
INIT-026,2026-05,198880,198042,524106,550135,217092,0
INIT-026,2026-06,238909,318542,763015,868677,260787,0
INIT-026,2026-07,253969,298122,1016984,1166799,277226,0
INIT-026,2026-08,238909,,1255893,,260787,
INIT-026,2026-09,198880,,1454773,,217092,
INIT-026,2026-10,146505,,1601278,,159921,
INIT-026,2026-11,95504,,1696782,,104250,
INIT-026,2026-12,55093,,1751875,,60138,
INIT-026,2027-01,28124,,1779999,,30699,
INIT-026,2027-02,0,,1779999,,0,
INIT-026,2027-03,0,,1779999,,0,
INIT-026,2027-04,0,,1779999,,0,
INIT-026,2027-05,0,,1779999,,0,
INIT-026,2027-06,0,,1779999,,0,
INIT-026,2027-07,0,,1779999,,0,
INIT-026,2027-08,0,,1779999,,0,
INIT-026,2027-09,0,,1779999,,0,
INIT-026,2027-10,0,,1779999,,0,
INIT-026,2027-11,0,,1779999,,0,
INIT-026,2027-12,0,,1779999,,0,
INIT-027,2026-01,0,0,0,0,0,0
INIT-027,2026-02,0,0,0,0,0,0
INIT-027,2026-03,0,0,0,0,0,0
INIT-027,2026-04,0,0,0,0,0,0
INIT-027,2026-05,0,0,0,0,0,0
INIT-027,2026-06,0,0,0,0,0,0
INIT-027,2026-07,0,0,0,0,0,0
INIT-027,2026-08,25022,,25022,,24425,
INIT-027,2026-09,41675,,66697,,40680,
INIT-027,2026-10,65123,,131820,,63569,
INIT-027,2026-11,95478,,227298,,93199,
INIT-027,2026-12,131334,,358632,,128199,
INIT-027,2027-01,169494,,528126,,165448,
INIT-027,2027-02,205229,,733355,,200331,
INIT-027,2027-03,233146,,966501,,227581,
INIT-027,2027-04,248498,,1214999,,242567,
INIT-027,2027-05,248498,,1463497,,242567,
INIT-027,2027-06,233146,,1696643,,227581,
INIT-027,2027-07,205229,,1901872,,200331,
INIT-027,2027-08,169494,,2071366,,165448,
INIT-027,2027-09,131334,,2202700,,128199,
INIT-027,2027-10,95478,,2298178,,93199,
INIT-027,2027-11,65123,,2363301,,63569,
INIT-027,2027-12,41675,,2404976,,40680,
INIT-028,2026-01,0,0,0,0,0,0
INIT-028,2026-02,0,0,0,0,0,0
INIT-028,2026-03,14356,11852,14356,11852,14994,0
INIT-028,2026-04,21634,20241,35990,32093,22596,0
INIT-028,2026-05,31353,29388,67343,61481,32746,0
INIT-028,2026-06,43697,37919,111040,99400,45639,0
INIT-028,2026-07,58570,60668,169610,160068,61173,0
INIT-028,2026-08,75496,,245106,,78851,
INIT-028,2026-09,93588,,338694,,97747,
INIT-028,2026-10,111570,,450264,,116529,
INIT-028,2026-11,127914,,578178,,133599,
INIT-028,2026-12,141034,,719212,,147302,
INIT-028,2027-01,149543,,868755,,156189,
INIT-028,2027-02,152492,,1021247,,159269,
INIT-028,2027-03,149543,,1170790,,156189,
INIT-028,2027-04,141034,,1311824,,147302,
INIT-028,2027-05,127914,,1439738,,133599,
INIT-028,2027-06,111570,,1551308,,116529,
INIT-028,2027-07,93588,,1644896,,97747,
INIT-028,2027-08,75496,,1720392,,78851,
INIT-028,2027-09,58570,,1778962,,61173,
INIT-028,2027-10,43697,,1822659,,45639,
INIT-028,2027-11,31353,,1854012,,32746,
INIT-028,2027-12,21634,,1875646,,22596,
INIT-029,2026-01,16353,16369,16353,16369,16353,0
INIT-029,2026-02,32034,30225,48387,46594,32034,0
INIT-029,2026-03,55532,46803,103919,93397,55532,0
INIT-029,2026-04,85187,74781,189106,168178,85187,0
INIT-029,2026-05,115641,118308,304747,286486,115641,0
INIT-029,2026-06,138916,129907,443663,416393,138916,0
INIT-029,2026-07,147673,120011,591336,536404,147673,0
INIT-029,2026-08,138916,,730252,,138916,
INIT-029,2026-09,115641,,845893,,115641,
INIT-029,2026-10,85187,,931080,,85187,
INIT-029,2026-11,55532,,986612,,55532,
INIT-029,2026-12,32034,,1018646,,32034,
INIT-029,2027-01,16353,,1034999,,16353,
INIT-029,2027-02,0,,1034999,,0,
INIT-029,2027-03,0,,1034999,,0,
INIT-029,2027-04,0,,1034999,,0,
INIT-029,2027-05,0,,1034999,,0,
INIT-029,2027-06,0,,1034999,,0,
INIT-029,2027-07,0,,1034999,,0,
INIT-029,2027-08,0,,1034999,,0,
INIT-029,2027-09,0,,1034999,,0,
INIT-029,2027-10,0,,1034999,,0,
INIT-029,2027-11,0,,1034999,,0,
INIT-029,2027-12,0,,1034999,,0,
INIT-030,2026-01,0,0,0,0,0,0
INIT-030,2026-02,0,0,0,0,0,0
INIT-030,2026-03,0,0,0,0,0,0
INIT-030,2026-04,11829,9549,11829,9549,12108,0
INIT-030,2026-05,19241,19738,31070,29287,19695,0
INIT-030,2026-06,29556,24018,60626,53305,30253,0
INIT-030,2026-07,42876,38413,103502,91718,43887,0
INIT-030,2026-08,58738,,162240,,60123,
INIT-030,2026-09,75992,,238232,,77784,
INIT-030,2026-10,92847,,331079,,95036,
INIT-030,2026-11,107129,,438208,,109655,
INIT-030,2026-12,116732,,554940,,119484,
INIT-030,2027-01,120121,,675061,,122953,
INIT-030,2027-02,116732,,791793,,119484,
INIT-030,2027-03,107129,,898922,,109655,
INIT-030,2027-04,92847,,991769,,95036,
INIT-030,2027-05,75992,,1067761,,77784,
INIT-030,2027-06,58738,,1126499,,60123,
INIT-030,2027-07,42876,,1169375,,43887,
INIT-030,2027-08,29556,,1198931,,30253,
INIT-030,2027-09,19241,,1218172,,19695,
INIT-030,2027-10,11829,,1230001,,12108,
INIT-030,2027-11,0,,1230001,,0,
INIT-030,2027-12,0,,1230001,,0,
INIT-031,2026-01,0,0,0,0,0,0
INIT-031,2026-02,0,0,0,0,0,0
INIT-031,2026-03,0,0,0,0,0,0
INIT-031,2026-04,0,0,0,0,0,0
INIT-031,2026-05,0,0,0,0,0,0
INIT-031,2026-06,0,0,0,0,0,0
INIT-031,2026-07,0,0,0,0,0,0
INIT-031,2026-08,19268,,19268,,24433,
INIT-031,2026-09,47050,,66318,,59662,
INIT-031,2026-10,89024,,155342,,112887,
INIT-031,2026-11,130520,,285862,,165507,
INIT-031,2026-12,148274,,434136,,188020,
INIT-031,2027-01,130520,,564656,,165507,
INIT-031,2027-02,89024,,653680,,112887,
INIT-031,2027-03,47050,,700730,,59662,
INIT-031,2027-04,19268,,719998,,24433,
INIT-031,2027-05,0,,719998,,0,
INIT-031,2027-06,0,,719998,,0,
INIT-031,2027-07,0,,719998,,0,
INIT-031,2027-08,0,,719998,,0,
INIT-031,2027-09,0,,719998,,0,
INIT-031,2027-10,0,,719998,,0,
INIT-031,2027-11,0,,719998,,0,
INIT-031,2027-12,0,,719998,,0,
INIT-032,2026-01,0,0,0,0,0,0
INIT-032,2026-02,0,0,0,0,0,0
INIT-032,2026-03,0,0,0,0,0,0
INIT-032,2026-04,0,0,0,0,0,0
INIT-032,2026-05,0,0,0,0,0,0
INIT-032,2026-06,0,0,0,0,0,0
INIT-032,2026-07,17551,17278,17551,17278,17810,0
INIT-032,2026-08,37846,,55397,,38405,
INIT-032,2026-09,68796,,124193,,69812,
INIT-032,2026-10,105429,,229622,,106986,
INIT-032,2026-11,136206,,365828,,138218,
INIT-032,2026-12,148345,,514173,,150536,
INIT-032,2027-01,136206,,650379,,138218,
INIT-032,2027-02,105429,,755808,,106986,
INIT-032,2027-03,68796,,824604,,69812,
INIT-032,2027-04,37846,,862450,,38405,
INIT-032,2027-05,17551,,880001,,17810,
INIT-032,2027-06,0,,880001,,0,
INIT-032,2027-07,0,,880001,,0,
INIT-032,2027-08,0,,880001,,0,
INIT-032,2027-09,0,,880001,,0,
INIT-032,2027-10,0,,880001,,0,
INIT-032,2027-11,0,,880001,,0,
INIT-032,2027-12,0,,880001,,0,
INIT-033,2026-01,0,0,0,0,0,0
INIT-033,2026-02,0,0,0,0,0,0
INIT-033,2026-03,0,0,0,0,0,0
INIT-033,2026-04,0,0,0,0,0,0
INIT-033,2026-05,0,0,0,0,0,0
INIT-033,2026-06,0,0,0,0,0,0
INIT-033,2026-07,0,0,0,0,0,0
INIT-033,2026-08,0,,0,,0,
INIT-033,2026-09,0,,0,,0,
INIT-033,2026-10,0,,0,,0,
INIT-033,2026-11,0,,0,,0,
INIT-033,2026-12,25231,,25231,,24296,
INIT-033,2027-01,51700,,76931,,49784,
INIT-033,2027-02,91778,,168709,,88376,
INIT-033,2027-03,141149,,309858,,135918,
INIT-033,2027-04,188063,,497921,,181093,
INIT-033,2027-05,217078,,714999,,209032,
INIT-033,2027-06,217078,,932077,,209032,
INIT-033,2027-07,188063,,1120140,,181093,
INIT-033,2027-08,141149,,1261289,,135918,
INIT-033,2027-09,91778,,1353067,,88376,
INIT-033,2027-10,51700,,1404767,,49784,
INIT-033,2027-11,25231,,1429998,,24296,
INIT-033,2027-12,0,,1429998,,0,
INIT-034,2026-01,0,0,0,0,0,0
INIT-034,2026-02,0,0,0,0,0,0
INIT-034,2026-03,32641,36126,32641,36126,37211,0
INIT-034,2026-04,66885,82394,99526,118520,76249,0
INIT-034,2026-05,118734,155127,218260,273647,135357,0
INIT-034,2026-06,182606,219454,400866,493101,208171,0
INIT-034,2026-07,243299,298297,644165,791398,277361,0
INIT-034,2026-08,280836,,925001,,320153,
INIT-034,2026-09,280836,,1205837,,320153,
INIT-034,2026-10,243299,,1449136,,277361,
INIT-034,2026-11,182606,,1631742,,208171,
INIT-034,2026-12,118734,,1750476,,135357,
INIT-034,2027-01,66885,,1817361,,76249,
INIT-034,2027-02,32641,,1850002,,37211,
INIT-034,2027-03,0,,1850002,,0,
INIT-034,2027-04,0,,1850002,,0,
INIT-034,2027-05,0,,1850002,,0,
INIT-034,2027-06,0,,1850002,,0,
INIT-034,2027-07,0,,1850002,,0,
INIT-034,2027-08,0,,1850002,,0,
INIT-034,2027-09,0,,1850002,,0,
INIT-034,2027-10,0,,1850002,,0,
INIT-034,2027-11,0,,1850002,,0,
INIT-034,2027-12,0,,1850002,,0,
INIT-035,2026-01,0,0,0,0,0,0
INIT-035,2026-02,0,0,0,0,0,0
INIT-035,2026-03,14748,16641,14748,16641,19589,0
INIT-035,2026-04,38846,42430,53594,59071,51598,0
INIT-035,2026-05,74088,80232,127682,139303,98408,0
INIT-035,2026-06,102318,105312,230000,244615,135905,0
INIT-035,2026-07,102318,128241,332318,372856,135905,0
INIT-035,2026-08,74088,,406406,,98408,
INIT-035,2026-09,38846,,445252,,51598,
INIT-035,2026-10,14748,,460000,,19589,
INIT-035,2026-11,0,,460000,,0,
INIT-035,2026-12,0,,460000,,0,
INIT-035,2027-01,0,,460000,,0,
INIT-035,2027-02,0,,460000,,0,
INIT-035,2027-03,0,,460000,,0,
INIT-035,2027-04,0,,460000,,0,
INIT-035,2027-05,0,,460000,,0,
INIT-035,2027-06,0,,460000,,0,
INIT-035,2027-07,0,,460000,,0,
INIT-035,2027-08,0,,460000,,0,
INIT-035,2027-09,0,,460000,,0,
INIT-035,2027-10,0,,460000,,0,
INIT-035,2027-11,0,,460000,,0,
INIT-035,2027-12,0,,460000,,0,
INIT-036,2026-01,17026,17066,17026,17066,17012,0
INIT-036,2026-02,25262,20706,42288,37772,25241,0
INIT-036,2026-03,36162,37272,78450,75044,36131,0
INIT-036,2026-04,49941,49497,128391,124541,49899,0
INIT-036,2026-05,66540,62677,194931,187218,66484,0
INIT-036,2026-06,85533,70413,280464,257631,85461,0
INIT-036,2026-07,106072,106134,386536,363765,105982,0
INIT-036,2026-08,126909,,513445,,126801,
INIT-036,2026-09,146489,,659934,,146365,
INIT-036,2026-10,163132,,823066,,162994,
INIT-036,2026-11,175265,,998331,,175116,
INIT-036,2026-12,181666,,1179997,,181512,
INIT-036,2027-01,181666,,1361663,,181512,
INIT-036,2027-02,175265,,1536928,,175116,
INIT-036,2027-03,163132,,1700060,,162994,
INIT-036,2027-04,146489,,1846549,,146365,
INIT-036,2027-05,126909,,1973458,,126801,
INIT-036,2027-06,106072,,2079530,,105982,
INIT-036,2027-07,85533,,2165063,,85461,
INIT-036,2027-08,66540,,2231603,,66484,
INIT-036,2027-09,49941,,2281544,,49899,
INIT-036,2027-10,36162,,2317706,,36131,
INIT-036,2027-11,25262,,2342968,,25241,
INIT-036,2027-12,17026,,2359994,,17012,
INIT-037,2026-01,0,0,0,0,0,0
INIT-037,2026-02,0,0,0,0,0,0
INIT-037,2026-03,0,0,0,0,0,0
INIT-037,2026-04,0,0,0,0,0,0
INIT-037,2026-05,0,0,0,0,0,0
INIT-037,2026-06,0,0,0,0,0,0
INIT-037,2026-07,0,0,0,0,0,0
INIT-037,2026-08,0,,0,,0,
INIT-037,2026-09,0,,0,,0,
INIT-037,2026-10,0,,0,,0,
INIT-037,2026-11,14677,,14677,,14399,
INIT-037,2026-12,42114,,56791,,41317,
INIT-037,2027-01,79271,,136062,,77771,
INIT-037,2027-02,97876,,233938,,96024,
INIT-037,2027-03,79271,,313209,,77771,
INIT-037,2027-04,42114,,355323,,41317,
INIT-037,2027-05,14677,,370000,,14399,
INIT-037,2027-06,0,,370000,,0,
INIT-037,2027-07,0,,370000,,0,
INIT-037,2027-08,0,,370000,,0,
INIT-037,2027-09,0,,370000,,0,
INIT-037,2027-10,0,,370000,,0,
INIT-037,2027-11,0,,370000,,0,
INIT-037,2027-12,0,,370000,,0,
INIT-038,2026-01,0,0,0,0,0,0
INIT-038,2026-02,0,0,0,0,0,0
INIT-038,2026-03,0,0,0,0,0,0
INIT-038,2026-04,0,0,0,0,0,0
INIT-038,2026-05,0,0,0,0,0,0
INIT-038,2026-06,0,0,0,0,0,0
INIT-038,2026-07,18748,23050,18748,23050,19107,0
INIT-038,2026-08,40426,,59174,,41200,
INIT-038,2026-09,73487,,132661,,74894,
INIT-038,2026-10,112617,,245278,,114773,
INIT-038,2026-11,145492,,390770,,148278,
INIT-038,2026-12,158460,,549230,,161494,
INIT-038,2027-01,145492,,694722,,148278,
INIT-038,2027-02,112617,,807339,,114773,
INIT-038,2027-03,73487,,880826,,74894,
INIT-038,2027-04,40426,,921252,,41200,
INIT-038,2027-05,18748,,940000,,19107,
INIT-038,2027-06,0,,940000,,0,
INIT-038,2027-07,0,,940000,,0,
INIT-038,2027-08,0,,940000,,0,
INIT-038,2027-09,0,,940000,,0,
INIT-038,2027-10,0,,940000,,0,
INIT-038,2027-11,0,,940000,,0,
INIT-038,2027-12,0,,940000,,0,
INIT-039,2026-01,0,0,0,0,0,0
INIT-039,2026-02,0,0,0,0,0,0
INIT-039,2026-03,0,0,0,0,0,0
INIT-039,2026-04,0,0,0,0,0,0
INIT-039,2026-05,0,0,0,0,0,0
INIT-039,2026-06,0,0,0,0,0,0
INIT-039,2026-07,0,0,0,0,0,0
INIT-039,2026-08,18306,,18306,,20813,
INIT-039,2026-09,27586,,45892,,31363,
INIT-039,2026-10,39979,,85871,,45453,
INIT-039,2026-11,55720,,141591,,63350,
INIT-039,2026-12,74684,,216275,,84910,
INIT-039,2027-01,96268,,312543,,109450,
INIT-039,2027-02,119337,,431880,,135678,
INIT-039,2027-03,142267,,574147,,161748,
INIT-039,2027-04,163107,,737254,,185441,
INIT-039,2027-05,179836,,917090,,204461,
INIT-039,2027-06,190687,,1107777,,216798,
INIT-039,2027-07,194447,,1302224,,221073,
INIT-039,2027-08,190687,,1492911,,216798,
INIT-039,2027-09,179836,,1672747,,204461,
INIT-039,2027-10,163107,,1835854,,185441,
INIT-039,2027-11,142267,,1978121,,161748,
INIT-039,2027-12,119337,,2097458,,135678,
INIT-040,2026-01,0,0,0,0,0,0
INIT-040,2026-02,0,0,0,0,0,0
INIT-040,2026-03,0,0,0,0,0,0
INIT-040,2026-04,0,0,0,0,0,0
INIT-040,2026-05,14997,14831,14997,14831,16867,0
INIT-040,2026-06,30731,33010,45728,47841,34563,0
INIT-040,2026-07,54554,65889,100282,113730,61357,0
INIT-040,2026-08,83900,,184182,,94363,
INIT-040,2026-09,111786,,295968,,125726,
INIT-040,2026-10,129033,,425001,,145124,
INIT-040,2026-11,129033,,554034,,145124,
INIT-040,2026-12,111786,,665820,,125726,
INIT-040,2027-01,83900,,749720,,94363,
INIT-040,2027-02,54554,,804274,,61357,
INIT-040,2027-03,30731,,835005,,34563,
INIT-040,2027-04,14997,,850002,,16867,
INIT-040,2027-05,0,,850002,,0,
INIT-040,2027-06,0,,850002,,0,
INIT-040,2027-07,0,,850002,,0,
INIT-040,2027-08,0,,850002,,0,
INIT-040,2027-09,0,,850002,,0,
INIT-040,2027-10,0,,850002,,0,
INIT-040,2027-11,0,,850002,,0,
INIT-040,2027-12,0,,850002,,0,
INIT-041,2026-01,0,0,0,0,0,0
INIT-041,2026-02,17387,21848,17387,21848,20713,0
INIT-041,2026-03,25798,29364,43185,51212,30733,0
INIT-041,2026-04,36929,49078,80114,100290,43993,0
INIT-041,2026-05,50999,51381,131113,151671,60754,0
INIT-041,2026-06,67950,88898,199063,240569,80948,0
INIT-041,2026-07,87345,91994,286408,332563,104053,0
INIT-041,2026-08,108320,,394728,,129040,
INIT-041,2026-09,129598,,524326,,154388,
INIT-041,2026-10,149593,,673919,,178208,
INIT-041,2026-11,166588,,840507,,198454,
INIT-041,2026-12,178979,,1019486,,213215,
INIT-041,2027-01,185515,,1205001,,221001,
INIT-041,2027-02,185515,,1390516,,221001,
INIT-041,2027-03,178979,,1569495,,213215,
INIT-041,2027-04,166588,,1736083,,198454,
INIT-041,2027-05,149593,,1885676,,178208,
INIT-041,2027-06,129598,,2015274,,154388,
INIT-041,2027-07,108320,,2123594,,129040,
INIT-041,2027-08,87345,,2210939,,104053,
INIT-041,2027-09,67950,,2278889,,80948,
INIT-041,2027-10,50999,,2329888,,60754,
INIT-041,2027-11,36929,,2366817,,43993,
INIT-041,2027-12,25798,,2392615,,30733,
INIT-042,2026-01,0,0,0,0,0,0
INIT-042,2026-02,0,0,0,0,0,0
INIT-042,2026-03,0,0,0,0,0,0
INIT-042,2026-04,0,0,0,0,0,0
INIT-042,2026-05,0,0,0,0,0,0
INIT-042,2026-06,24046,21422,24046,21422,23244,0
INIT-042,2026-07,63335,53571,87381,74993,61224,0
INIT-042,2026-08,120796,,208177,,116769,
INIT-042,2026-09,166823,,375000,,161262,
INIT-042,2026-10,166823,,541823,,161262,
INIT-042,2026-11,120796,,662619,,116769,
INIT-042,2026-12,63335,,725954,,61224,
INIT-042,2027-01,24046,,750000,,23244,
INIT-042,2027-02,0,,750000,,0,
INIT-042,2027-03,0,,750000,,0,
INIT-042,2027-04,0,,750000,,0,
INIT-042,2027-05,0,,750000,,0,
INIT-042,2027-06,0,,750000,,0,
INIT-042,2027-07,0,,750000,,0,
INIT-042,2027-08,0,,750000,,0,
INIT-042,2027-09,0,,750000,,0,
INIT-042,2027-10,0,,750000,,0,
INIT-042,2027-11,0,,750000,,0,
INIT-042,2027-12,0,,750000,,0,
INIT-043,2026-01,0,0,0,0,0,0
INIT-043,2026-02,0,0,0,0,0,0
INIT-043,2026-03,0,0,0,0,0,0
INIT-043,2026-04,0,0,0,0,0,0
INIT-043,2026-05,0,0,0,0,0,0
INIT-043,2026-06,0,0,0,0,0,0
INIT-043,2026-07,0,0,0,0,0,0
INIT-043,2026-08,0,,0,,0,
INIT-043,2026-09,0,,0,,0,
INIT-043,2026-10,0,,0,,0,
INIT-043,2026-11,0,,0,,0,
INIT-043,2026-12,0,,0,,0,
INIT-043,2027-01,0,,0,,0,
INIT-043,2027-02,36068,,36068,,36421,
INIT-043,2027-03,95003,,131071,,95932,
INIT-043,2027-04,181194,,312265,,182966,
INIT-043,2027-05,250235,,562500,,252682,
INIT-043,2027-06,250235,,812735,,252682,
INIT-043,2027-07,181194,,993929,,182966,
INIT-043,2027-08,95003,,1088932,,95932,
INIT-043,2027-09,36068,,1125000,,36421,
INIT-043,2027-10,0,,1125000,,0,
INIT-043,2027-11,0,,1125000,,0,
INIT-043,2027-12,0,,1125000,,0,
INIT-044,2026-01,0,0,0,0,0,0
INIT-044,2026-02,0,0,0,0,0,0
INIT-044,2026-03,0,0,0,0,0,0
INIT-044,2026-04,0,0,0,0,0,0
INIT-044,2026-05,0,0,0,0,0,0
INIT-044,2026-06,21122,27816,21122,27816,24251,0
INIT-044,2026-07,38367,41518,59489,69334,44051,0
INIT-044,2026-08,63577,,123066,,72996,
INIT-044,2026-09,96109,,219175,,110347,
INIT-044,2026-10,132539,,351714,,152174,
INIT-044,2026-11,166741,,518455,,191443,
INIT-044,2026-12,191366,,709821,,219717,
INIT-044,2027-01,200357,,910178,,230040,
INIT-044,2027-02,191366,,1101544,,219717,
INIT-044,2027-03,166741,,1268285,,191443,
INIT-044,2027-04,132539,,1400824,,152174,
INIT-044,2027-05,96109,,1496933,,110347,
INIT-044,2027-06,63577,,1560510,,72996,
INIT-044,2027-07,38367,,1598877,,44051,
INIT-044,2027-08,21122,,1619999,,24251,
INIT-044,2027-09,0,,1619999,,0,
INIT-044,2027-10,0,,1619999,,0,
INIT-044,2027-11,0,,1619999,,0,
INIT-044,2027-12,0,,1619999,,0,
INIT-045,2026-01,0,0,0,0,0,0
INIT-045,2026-02,0,0,0,0,0,0
INIT-045,2026-03,0,0,0,0,0,0
INIT-045,2026-04,0,0,0,0,0,0
INIT-045,2026-05,0,0,0,0,0,0
INIT-045,2026-06,0,0,0,0,0,0
INIT-045,2026-07,0,0,0,0,0,0
INIT-045,2026-08,0,,0,,0,
INIT-045,2026-09,0,,0,,0,
INIT-045,2026-10,0,,0,,0,
INIT-045,2026-11,0,,0,,0,
INIT-045,2026-12,0,,0,,0,
INIT-045,2027-01,0,,0,,0,
INIT-045,2027-02,0,,0,,0,
INIT-045,2027-03,0,,0,,0,
INIT-045,2027-04,0,,0,,0,
INIT-045,2027-05,0,,0,,0,
INIT-045,2027-06,0,,0,,0,
INIT-045,2027-07,30897,,30897,,29798,
INIT-045,2027-08,70604,,101501,,68094,
INIT-045,2027-09,131226,,232727,,126560,
INIT-045,2027-10,198373,,431100,,191320,
INIT-045,2027-11,243900,,675000,,235228,
INIT-045,2027-12,243900,,918900,,235228,
INIT-046,2026-01,0,0,0,0,0,0
INIT-046,2026-02,0,0,0,0,0,0
INIT-046,2026-03,0,0,0,0,0,0
INIT-046,2026-04,0,0,0,0,0,0
INIT-046,2026-05,0,0,0,0,0,0
INIT-046,2026-06,0,0,0,0,0,0
INIT-046,2026-07,0,0,0,0,0,0
INIT-046,2026-08,0,,0,,0,
INIT-046,2026-09,0,,0,,0,
INIT-046,2026-10,0,,0,,0,
INIT-046,2026-11,0,,0,,0,
INIT-046,2026-12,0,,0,,0,
INIT-046,2027-01,0,,0,,0,
INIT-046,2027-02,32157,,32157,,30628,
INIT-046,2027-03,60529,,92686,,57651,
INIT-046,2027-04,102535,,195221,,97659,
INIT-046,2027-05,156312,,351533,,148878,
INIT-046,2027-06,214455,,565988,,204256,
INIT-046,2027-07,264787,,830775,,252195,
INIT-046,2027-08,294224,,1124999,,280232,
INIT-046,2027-09,294224,,1419223,,280232,
INIT-046,2027-10,264787,,1684010,,252195,
INIT-046,2027-11,214455,,1898465,,204256,
INIT-046,2027-12,156312,,2054777,,148878,
INIT-047,2026-01,0,0,0,0,0,0
INIT-047,2026-02,0,0,0,0,0,0
INIT-047,2026-03,0,0,0,0,0,0
INIT-047,2026-04,0,0,0,0,0,0
INIT-047,2026-05,0,0,0,0,0,0
INIT-047,2026-06,0,0,0,0,0,0
INIT-047,2026-07,0,0,0,0,0,0
INIT-047,2026-08,0,,0,,0,
INIT-047,2026-09,0,,0,,0,
INIT-047,2026-10,0,,0,,0,
INIT-047,2026-11,0,,0,,0,
INIT-047,2026-12,0,,0,,0,
INIT-047,2027-01,26598,,26598,,27745,
INIT-047,2027-02,48314,,74912,,50398,
INIT-047,2027-03,80060,,154972,,83514,
INIT-047,2027-04,121026,,275998,,126247,
INIT-047,2027-05,166901,,442899,,174101,
INIT-047,2027-06,209971,,652870,,219029,
INIT-047,2027-07,240979,,893849,,251374,
INIT-047,2027-08,252301,,1146150,,263185,
INIT-047,2027-09,240979,,1387129,,251374,
INIT-047,2027-10,209971,,1597100,,219029,
INIT-047,2027-11,166901,,1764001,,174101,
INIT-047,2027-12,121026,,1885027,,126247,
INIT-048,2026-01,0,0,0,0,0,0
INIT-048,2026-02,0,0,0,0,0,0
INIT-048,2026-03,21081,27285,21081,27285,21224,0
INIT-048,2026-04,39680,42851,60761,70136,39949,0
INIT-048,2026-05,67217,76964,127978,147100,67673,0
INIT-048,2026-06,102471,100027,230449,247127,103166,0
INIT-048,2026-07,140587,139906,371036,387033,141540,0
INIT-048,2026-08,173583,,544619,,174760,
INIT-048,2026-09,192880,,737499,,194188,
INIT-048,2026-10,192880,,930379,,194188,
INIT-048,2026-11,173583,,1103962,,174760,
INIT-048,2026-12,140587,,1244549,,141540,
INIT-048,2027-01,102471,,1347020,,103166,
INIT-048,2027-02,67217,,1414237,,67673,
INIT-048,2027-03,39680,,1453917,,39949,
INIT-048,2027-04,21081,,1474998,,21224,
INIT-048,2027-05,0,,1474998,,0,
INIT-048,2027-06,0,,1474998,,0,
INIT-048,2027-07,0,,1474998,,0,
INIT-048,2027-08,0,,1474998,,0,
INIT-048,2027-09,0,,1474998,,0,
INIT-048,2027-10,0,,1474998,,0,
INIT-048,2027-11,0,,1474998,,0,
INIT-048,2027-12,0,,1474998,,0,
INIT-049,2026-01,0,0,0,0,0,0
INIT-049,2026-02,0,0,0,0,0,0
INIT-049,2026-03,0,0,0,0,0,0
INIT-049,2026-04,0,0,0,0,0,0
INIT-049,2026-05,0,0,0,0,0,0
INIT-049,2026-06,18644,17146,18644,17146,18786,0
INIT-049,2026-07,36522,36940,55166,54086,36801,0
INIT-049,2026-08,63312,,118478,,63795,
INIT-049,2026-09,97122,,215600,,97863,
INIT-049,2026-10,131842,,347442,,132848,
INIT-049,2026-11,158378,,505820,,159586,
INIT-049,2026-12,168361,,674181,,169645,
INIT-049,2027-01,158378,,832559,,159586,
INIT-049,2027-02,131842,,964401,,132848,
INIT-049,2027-03,97122,,1061523,,97863,
INIT-049,2027-04,63312,,1124835,,63795,
INIT-049,2027-05,36522,,1161357,,36801,
INIT-049,2027-06,18644,,1180001,,18786,
INIT-049,2027-07,0,,1180001,,0,
INIT-049,2027-08,0,,1180001,,0,
INIT-049,2027-09,0,,1180001,,0,
INIT-049,2027-10,0,,1180001,,0,
INIT-049,2027-11,0,,1180001,,0,
INIT-049,2027-12,0,,1180001,,0,
INIT-050,2026-01,0,0,0,0,0,0
INIT-050,2026-02,28945,30766,28945,30766,32987,0
INIT-050,2026-03,52577,57280,81522,88046,59919,0
INIT-050,2026-04,87125,102796,168647,190842,99291,0
INIT-050,2026-05,131705,151880,300352,342722,150096,0
INIT-050,2026-06,181627,202019,481979,544741,206989,0
INIT-050,2026-07,228498,282357,710477,827098,260405,0
INIT-050,2026-08,262242,,972719,,298861,
INIT-050,2026-09,274563,,1247282,,312903,
INIT-050,2026-10,262242,,1509524,,298861,
INIT-050,2026-11,228498,,1738022,,260405,
INIT-050,2026-12,181627,,1919649,,206989,
INIT-050,2027-01,131705,,2051354,,150096,
INIT-050,2027-02,87125,,2138479,,99291,
INIT-050,2027-03,52577,,2191056,,59919,
INIT-050,2027-04,28945,,2220001,,32987,
INIT-050,2027-05,0,,2220001,,0,
INIT-050,2027-06,0,,2220001,,0,
INIT-050,2027-07,0,,2220001,,0,
INIT-050,2027-08,0,,2220001,,0,
INIT-050,2027-09,0,,2220001,,0,
INIT-050,2027-10,0,,2220001,,0,
INIT-050,2027-11,0,,2220001,,0,
INIT-050,2027-12,0,,2220001,,0,
INIT-051,2026-01,0,0,0,0,0,0
INIT-051,2026-02,0,0,0,0,0,0
INIT-051,2026-03,0,0,0,0,0,0
INIT-051,2026-04,0,0,0,0,0,0
INIT-051,2026-05,0,0,0,0,0,0
INIT-051,2026-06,0,0,0,0,0,0
INIT-051,2026-07,0,0,0,0,0,0
INIT-051,2026-08,0,,0,,0,
INIT-051,2026-09,0,,0,,0,
INIT-051,2026-10,0,,0,,0,
INIT-051,2026-11,0,,0,,0,
INIT-051,2026-12,12935,,12935,,14108,
INIT-051,2027-01,21040,,33975,,22948,
INIT-051,2027-02,32319,,66294,,35251,
INIT-051,2027-03,46884,,113178,,51137,
INIT-051,2027-04,64230,,177408,,70056,
INIT-051,2027-05,83097,,260505,,90634,
INIT-051,2027-06,101527,,362032,,110736,
INIT-051,2027-07,117145,,479177,,127771,
INIT-051,2027-08,127646,,606823,,139224,
INIT-051,2027-09,131352,,738175,,143266,
INIT-051,2027-10,127646,,865821,,139224,
INIT-051,2027-11,117145,,982966,,127771,
INIT-051,2027-12,101527,,1084493,,110736,
INIT-052,2026-01,0,0,0,0,0,0
INIT-052,2026-02,0,0,0,0,0,0
INIT-052,2026-03,0,0,0,0,0,0
INIT-052,2026-04,0,0,0,0,0,0
INIT-052,2026-05,0,0,0,0,0,0
INIT-052,2026-06,0,0,0,0,0,0
INIT-052,2026-07,0,0,0,0,0,0
INIT-052,2026-08,24085,,24085,,24246,
INIT-052,2026-09,58813,,82898,,59205,
INIT-052,2026-10,111281,,194179,,112023,
INIT-052,2026-11,163150,,357329,,164238,
INIT-052,2026-12,185343,,542672,,186579,
INIT-052,2027-01,163150,,705822,,164238,
INIT-052,2027-02,111281,,817103,,112023,
INIT-052,2027-03,58813,,875916,,59205,
INIT-052,2027-04,24085,,900001,,24246,
INIT-052,2027-05,0,,900001,,0,
INIT-052,2027-06,0,,900001,,0,
INIT-052,2027-07,0,,900001,,0,
INIT-052,2027-08,0,,900001,,0,
INIT-052,2027-09,0,,900001,,0,
INIT-052,2027-10,0,,900001,,0,
INIT-052,2027-11,0,,900001,,0,
INIT-052,2027-12,0,,900001,,0,
INIT-053,2026-01,27625,27426,27625,27426,31907,0
INIT-053,2026-02,39255,46025,66880,73451,45340,0
INIT-053,2026-03,53230,52079,120110,125530,61481,0
INIT-053,2026-04,68875,73755,188985,199285,79551,0
INIT-053,2026-05,85041,96470,274026,295755,98222,0
INIT-053,2026-06,100194,118852,374220,414607,115724,0
INIT-053,2026-07,112644,117761,486864,532368,130104,0
INIT-053,2026-08,120845,,607709,,139576,
INIT-053,2026-09,123709,,731418,,142884,
INIT-053,2026-10,120845,,852263,,139576,
INIT-053,2026-11,112644,,964907,,130104,
INIT-053,2026-12,100194,,1065101,,115724,
INIT-053,2027-01,85041,,1150142,,98222,
INIT-053,2027-02,68875,,1219017,,79551,
INIT-053,2027-03,53230,,1272247,,61481,
INIT-053,2027-04,39255,,1311502,,45340,
INIT-053,2027-05,27625,,1339127,,31907,
INIT-053,2027-06,18550,,1357677,,21425,
INIT-053,2027-07,11886,,1369563,,13728,
INIT-053,2027-08,0,,1369563,,0,
INIT-053,2027-09,0,,1369563,,0,
INIT-053,2027-10,0,,1369563,,0,
INIT-053,2027-11,0,,1369563,,0,
INIT-053,2027-12,0,,1369563,,0,
INIT-054,2026-01,0,0,0,0,0,0
INIT-054,2026-02,21543,22566,21543,22566,23443,0
INIT-054,2026-03,52605,53321,74148,75887,57245,0
INIT-054,2026-04,99534,113762,173682,189649,108313,0
INIT-054,2026-05,145928,142488,319610,332137,158799,0
INIT-054,2026-06,165779,171299,485389,503436,180401,0
INIT-054,2026-07,145928,179145,631317,682581,158799,0
INIT-054,2026-08,99534,,730851,,108313,
INIT-054,2026-09,52605,,783456,,57245,
INIT-054,2026-10,21543,,804999,,23443,
INIT-054,2026-11,0,,804999,,0,
INIT-054,2026-12,0,,804999,,0,
INIT-054,2027-01,0,,804999,,0,
INIT-054,2027-02,0,,804999,,0,
INIT-054,2027-03,0,,804999,,0,
INIT-054,2027-04,0,,804999,,0,
INIT-054,2027-05,0,,804999,,0,
INIT-054,2027-06,0,,804999,,0,
INIT-054,2027-07,0,,804999,,0,
INIT-054,2027-08,0,,804999,,0,
INIT-054,2027-09,0,,804999,,0,
INIT-054,2027-10,0,,804999,,0,
INIT-054,2027-11,0,,804999,,0,
INIT-054,2027-12,0,,804999,,0,
INIT-055,2026-01,121193,136034,121193,136034,175257,0
INIT-055,2026-02,142422,191142,263615,327176,205956,0
INIT-055,2026-03,154393,181703,418008,508879,223267,0
INIT-055,2026-04,154393,167807,572401,676686,223267,0
INIT-055,2026-05,142422,174845,714823,851531,205956,0
INIT-055,2026-06,121193,123524,836016,975055,175257,0
INIT-055,2026-07,95131,115855,931147,1090910,137569,0
INIT-055,2026-08,68884,,1000031,,99613,
INIT-055,2026-09,46011,,1046042,,66536,
INIT-055,2026-10,28350,,1074392,,40997,
INIT-055,2026-11,16114,,1090506,,23302,
INIT-055,2026-12,0,,1090506,,0,
INIT-055,2027-01,0,,1090506,,0,
INIT-055,2027-02,0,,1090506,,0,
INIT-055,2027-03,0,,1090506,,0,
INIT-055,2027-04,0,,1090506,,0,
INIT-055,2027-05,0,,1090506,,0,
INIT-055,2027-06,0,,1090506,,0,
INIT-055,2027-07,0,,1090506,,0,
INIT-055,2027-08,0,,1090506,,0,
INIT-055,2027-09,0,,1090506,,0,
INIT-055,2027-10,0,,1090506,,0,
INIT-055,2027-11,0,,1090506,,0,
INIT-055,2027-12,0,,1090506,,0,
INIT-056,2026-01,0,0,0,0,0,0
INIT-056,2026-02,0,0,0,0,0,0
INIT-056,2026-03,21152,26350,21152,26350,22267,0
INIT-056,2026-04,39815,49162,60967,75512,41913,0
INIT-056,2026-05,67445,86647,128412,162159,71000,0
INIT-056,2026-06,102819,102380,231231,264539,108238,0
INIT-056,2026-07,141064,167645,372295,432184,148498,0
INIT-056,2026-08,174171,,546466,,183350,
INIT-056,2026-09,193534,,740000,,203734,
INIT-056,2026-10,193534,,933534,,203734,
INIT-056,2026-11,174171,,1107705,,183350,
INIT-056,2026-12,141064,,1248769,,148498,
INIT-056,2027-01,102819,,1351588,,108238,
INIT-056,2027-02,67445,,1419033,,71000,
INIT-056,2027-03,39815,,1458848,,41913,
INIT-056,2027-04,21152,,1480000,,22267,
INIT-056,2027-05,0,,1480000,,0,
INIT-056,2027-06,0,,1480000,,0,
INIT-056,2027-07,0,,1480000,,0,
INIT-056,2027-08,0,,1480000,,0,
INIT-056,2027-09,0,,1480000,,0,
INIT-056,2027-10,0,,1480000,,0,
INIT-056,2027-11,0,,1480000,,0,
INIT-056,2027-12,0,,1480000,,0,
INIT-057,2026-01,0,0,0,0,0,0
INIT-057,2026-02,0,0,0,0,0,0
INIT-057,2026-03,0,0,0,0,0,0
INIT-057,2026-04,0,0,0,0,0,0
INIT-057,2026-05,13145,11585,13145,11585,12316,0
INIT-057,2026-06,26935,22206,40080,33791,25236,0
INIT-057,2026-07,47815,43574,87895,77365,44798,0
INIT-057,2026-08,73536,,161431,,68897,
INIT-057,2026-09,97977,,259408,,91796,
INIT-057,2026-10,113093,,372501,,105958,
INIT-057,2026-11,113093,,485594,,105958,
INIT-057,2026-12,97977,,583571,,91796,
INIT-057,2027-01,73536,,657107,,68897,
INIT-057,2027-02,47815,,704922,,44798,
INIT-057,2027-03,26935,,731857,,25236,
INIT-057,2027-04,13145,,745002,,12316,
INIT-057,2027-05,0,,745002,,0,
INIT-057,2027-06,0,,745002,,0,
INIT-057,2027-07,0,,745002,,0,
INIT-057,2027-08,0,,745002,,0,
INIT-057,2027-09,0,,745002,,0,
INIT-057,2027-10,0,,745002,,0,
INIT-057,2027-11,0,,745002,,0,
INIT-057,2027-12,0,,745002,,0,
INIT-058,2026-01,71083,62340,71083,62340,69032,0
INIT-058,2026-02,90557,81632,161640,143972,87944,0
INIT-058,2026-03,106420,101053,268060,245025,103349,0
INIT-058,2026-04,115365,112063,383425,357088,112036,0
INIT-058,2026-05,115365,109493,498790,466581,112036,0
INIT-058,2026-06,106420,106949,605210,573530,103349,0
INIT-058,2026-07,90557,79858,695767,653388,87944,0
INIT-058,2026-08,71083,,766850,,69032,
INIT-058,2026-09,51471,,818321,,49986,
INIT-058,2026-10,34380,,852701,,33388,
INIT-058,2026-11,21184,,873885,,20573,
INIT-058,2026-12,12041,,885926,,11694,
INIT-058,2027-01,0,,885926,,0,
INIT-058,2027-02,0,,885926,,0,
INIT-058,2027-03,0,,885926,,0,
INIT-058,2027-04,0,,885926,,0,
INIT-058,2027-05,0,,885926,,0,
INIT-058,2027-06,0,,885926,,0,
INIT-058,2027-07,0,,885926,,0,
INIT-058,2027-08,0,,885926,,0,
INIT-058,2027-09,0,,885926,,0,
INIT-058,2027-10,0,,885926,,0,
INIT-058,2027-11,0,,885926,,0,
INIT-058,2027-12,0,,885926,,0,
INIT-059,2026-01,0,0,0,0,0,0
INIT-059,2026-02,0,0,0,0,0,0
INIT-059,2026-03,0,0,0,0,0,0
INIT-059,2026-04,0,0,0,0,0,0
INIT-059,2026-05,0,0,0,0,0,0
INIT-059,2026-06,0,0,0,0,0,0
INIT-059,2026-07,0,0,0,0,0,0
INIT-059,2026-08,0,,0,,0,
INIT-059,2026-09,20379,,20379,,21226,
INIT-059,2026-10,41758,,62137,,43493,
INIT-059,2026-11,74129,,136266,,77210,
INIT-059,2026-12,114005,,250271,,118743,
INIT-059,2027-01,151897,,402168,,158210,
INIT-059,2027-02,175333,,577501,,182620,
INIT-059,2027-03,175333,,752834,,182620,
INIT-059,2027-04,151897,,904731,,158210,
INIT-059,2027-05,114005,,1018736,,118743,
INIT-059,2027-06,74129,,1092865,,77210,
INIT-059,2027-07,41758,,1134623,,43493,
INIT-059,2027-08,20379,,1155002,,21226,
INIT-059,2027-09,0,,1155002,,0,
INIT-059,2027-10,0,,1155002,,0,
INIT-059,2027-11,0,,1155002,,0,
INIT-059,2027-12,0,,1155002,,0,
INIT-060,2026-01,0,0,0,0,0,0
INIT-060,2026-02,0,0,0,0,0,0
INIT-060,2026-03,0,0,0,0,0,0
INIT-060,2026-04,0,0,0,0,0,0
INIT-060,2026-05,0,0,0,0,0,0
INIT-060,2026-06,0,0,0,0,0,0
INIT-060,2026-07,0,0,0,0,0,0
INIT-060,2026-08,0,,0,,0,
INIT-060,2026-09,0,,0,,0,
INIT-060,2026-10,0,,0,,0,
INIT-060,2026-11,0,,0,,0,
INIT-060,2026-12,0,,0,,0,
INIT-060,2027-01,0,,0,,0,
INIT-060,2027-02,20295,,20295,,21038,
INIT-060,2027-03,38201,,58496,,39600,
INIT-060,2027-04,64711,,123207,,67081,
INIT-060,2027-05,98651,,221858,,102264,
INIT-060,2027-06,135345,,357203,,140301,
INIT-060,2027-07,167110,,524313,,173230,
INIT-060,2027-08,185688,,710001,,192488,
INIT-060,2027-09,185688,,895689,,192488,
INIT-060,2027-10,167110,,1062799,,173230,
INIT-060,2027-11,135345,,1198144,,140301,
INIT-060,2027-12,98651,,1296795,,102264,
