risk_id,initiative_id,title,description,category,probability,impact,score,exposure_usd,mitigation,owner,status,raised_date,target_resolution_date
RSK-0001,INIT-001,Environment availability constrains parallel testing,"Technical uncertainty that may require rework or additional discovery effort. Carried on Enterprise Data Platform (Lakehouse) Build (INIT-001, Technology) and reported into the monthly PMO review.",Technical,3,4,12,107000,Build second test environment; stagger test cycles,Olu Boateng,Closed,2026-07-03,2026-09-01
RSK-0002,INIT-002,Single-source dependency on niche implementation partner,"Third-party performance risk against the contracted scope and timeline. Carried on ERP Finance Module Consolidation (INIT-002, Technology) and reported into the monthly PMO review.",Vendor,2,5,10,120000,Knowledge transfer clauses; second supplier pre-qualified,Olu Menzies,Open,2026-06-30,2026-08-29
RSK-0003,INIT-002,Insufficient training capacity in peak season,"People-side risk: the change may not stick without sustained reinforcement. Carried on ERP Finance Module Consolidation (INIT-002, Technology) and reported into the monthly PMO review.",Change/Adoption,3,2,6,54000,Move to blended e-learning; train-the-trainer in each depot,Elise Halvorsen,Open,2026-03-27,2026-07-25
RSK-0004,INIT-002,Data engineering demand exceeds the available pool,"Capacity risk arising from contention for scarce specialist skills. Carried on ERP Finance Module Consolidation (INIT-002, Technology) and reported into the monthly PMO review.",Resource,2,4,8,179000,Prioritisation forum; contract two additional engineers,Lena Doherty,Closed,2026-03-06,2026-05-05
RSK-0005,INIT-002,Capex approval deferred to the next budget cycle,"Risk to the funding envelope or to the credibility of the benefit case. Carried on ERP Finance Module Consolidation (INIT-002, Technology) and reported into the monthly PMO review.",Financial,2,4,8,122000,Phase the spend; seek bridge funding from the contingency pot,Lena Doherty,Open,2026-03-13,2026-04-27
RSK-0006,INIT-003,Legacy interfaces poorly documented,"Technical uncertainty that may require rework or additional discovery effort. Carried on API Gateway & Integration Layer (INIT-003, Technology) and reported into the monthly PMO review.",Technical,3,4,12,156000,Fund a discovery spike; engage original vendor for schema walkthrough,Clara Doherty,Closed,2026-05-02,2026-06-16
RSK-0007,INIT-003,Supply chain analyst capacity absorbed by peak trading,"Capacity risk arising from contention for scarce specialist skills. Carried on API Gateway & Integration Layer (INIT-003, Technology) and reported into the monthly PMO review.",Resource,4,4,16,244000,Ring-fence project allocation; agree BAU cover with the site leads,Rafael Corrigan,Mitigating,2025-11-20,2026-02-18
RSK-0008,INIT-003,Critical path compresses if design sign-off slips,"Schedule and execution risk that could push the critical path to the right. Carried on API Gateway & Integration Layer (INIT-003, Technology) and reported into the monthly PMO review.",Delivery,3,3,9,120000,Weekly design authority; pre-book sign-off slots with sponsor,Clara Doherty,Open,2025-10-17,2025-12-16
RSK-0009,INIT-004,Testing window overlaps with year-end freeze,"Schedule and execution risk that could push the critical path to the right. Carried on Identity & Access Management Modernisation (INIT-004, Technology) and reported into the monthly PMO review.",Delivery,3,3,9,114000,Negotiate early freeze exemption; shift regression to November,Priya Kaur,Mitigating,2026-02-02,2026-03-04
RSK-0010,INIT-005,Savings double-counted with another initiative,"Risk to the funding envelope or to the credibility of the benefit case. Carried on Cloud Migration Wave 1 - Non-Production (INIT-005, Technology) and reported into the monthly PMO review.",Financial,1,4,4,141000,Benefit ownership matrix agreed with Finance; single booking point,Isla Duval,Closed,2026-02-19,2026-06-19
RSK-0011,INIT-005,Control evidence not retained to the required standard,"Compliance exposure if the control design is not accepted by audit or the regulator. Carried on Cloud Migration Wave 1 - Non-Production (INIT-005, Technology) and reported into the monthly PMO review.",Regulatory,1,3,3,38000,Automate evidence capture; quarterly control self-assessment,Tessa Whitfield,Mitigating,2026-02-25,2026-05-26
RSK-0012,INIT-005,Change manager vacancy unfilled for two months,"Capacity risk arising from contention for scarce specialist skills. Carried on Cloud Migration Wave 1 - Non-Production (INIT-005, Technology) and reported into the monthly PMO review.",Resource,2,3,6,92000,Interim contractor while permanent recruitment completes,Bjorn Lindqvist,Mitigating,2026-02-01,2026-03-03
RSK-0013,INIT-006,Single-source dependency on niche implementation partner,"Third-party performance risk against the contracted scope and timeline. Carried on Cloud Migration Wave 2 - Production Workloads (INIT-006, Technology) and reported into the monthly PMO review.",Vendor,3,2,6,49000,Knowledge transfer clauses; second supplier pre-qualified,Gregor Rahman,Mitigating,2026-06-06,2026-10-04
RSK-0014,INIT-006,Critical path compresses if design sign-off slips,"Schedule and execution risk that could push the critical path to the right. Carried on Cloud Migration Wave 2 - Production Workloads (INIT-006, Technology) and reported into the monthly PMO review.",Delivery,2,3,6,82000,Weekly design authority; pre-book sign-off slots with sponsor,Gregor Rahman,Closed,2026-01-08,2026-04-08
RSK-0015,INIT-007,Control evidence not retained to the required standard,"Compliance exposure if the control design is not accepted by audit or the regulator. Carried on CRM Platform Replacement (INIT-007, Technology) and reported into the monthly PMO review.",Regulatory,2,3,6,30000,Automate evidence capture; quarterly control self-assessment,Gregor Mehta,Open,2026-08-10,2026-11-08
RSK-0016,INIT-008,Scope creep from business unit change requests,"Schedule and execution risk that could push the critical path to the right. Carried on Master Data Management - Customer & Product (INIT-008, Technology) and reported into the monthly PMO review.",Delivery,3,5,15,124000,Change control board; scope baselined and re-approved monthly,Maeve Vlach,Open,2026-05-15,2026-09-12
RSK-0017,INIT-008,Union consultation extends implementation timeline,"People-side risk: the change may not stick without sustained reinforcement. Carried on Master Data Management - Customer & Product (INIT-008, Technology) and reported into the monthly PMO review.",Change/Adoption,2,4,8,144000,Early engagement with employee representatives; phased site-by-site rollout,Idris Corrigan,Open,2026-06-21,2026-10-19
RSK-0018,INIT-009,Benefit case relies on headcount reductions not yet agreed,"Risk to the funding envelope or to the credibility of the benefit case. Carried on Legacy Mainframe Decommission - Order Mgmt (INIT-009, Technology) and reported into the monthly PMO review.",Financial,2,4,8,46000,Sponsor to confirm the headcount plan; hold benefit at Low confidence,Amara Corrigan,Open,2026-09-25,2026-12-24
RSK-0019,INIT-010,Scope creep from business unit change requests,"Schedule and execution risk that could push the critical path to the right. Carried on Field Mobility App Rollout (INIT-010, Technology) and reported into the monthly PMO review.",Delivery,3,2,6,46000,Change control board; scope baselined and re-approved monthly,Clara Okonkwo,Closed,2026-08-09,2026-09-23
RSK-0020,INIT-010,Benefit case relies on headcount reductions not yet agreed,"Risk to the funding envelope or to the credibility of the benefit case. Carried on Field Mobility App Rollout (INIT-010, Technology) and reported into the monthly PMO review.",Financial,1,2,2,16000,Sponsor to confirm the headcount plan; hold benefit at Low confidence,Clara Okonkwo,Closed,2026-08-08,2026-09-07
RSK-0021,INIT-010,Capex approval deferred to the next budget cycle,"Risk to the funding envelope or to the credibility of the benefit case. Carried on Field Mobility App Rollout (INIT-010, Technology) and reported into the monthly PMO review.",Financial,3,2,6,149000,Phase the spend; seek bridge funding from the contingency pot,Priya Nair,Closed,2026-08-06,2026-10-05
RSK-0022,INIT-011,FX movement erodes savings in non-GBP contracts,"Risk to the funding envelope or to the credibility of the benefit case. Carried on Field Service Route Optimisation (INIT-011, Operations) and reported into the monthly PMO review.",Financial,3,5,15,318000,Hedge material contracts; report benefits at constant currency,Tomas Rahman,Mitigating,2026-05-09,2026-09-06
RSK-0023,INIT-011,Licence pricing renegotiation lands above the business case,"Third-party performance risk against the contracted scope and timeline. Carried on Field Service Route Optimisation (INIT-011, Operations) and reported into the monthly PMO review.",Vendor,2,3,6,87000,Lock pricing at contract signature; cap uplift at CPI,Tomas Farouk,Closed,2026-07-21,2026-08-20
RSK-0024,INIT-011,Vendor resource ramp slower than contracted,"Third-party performance risk against the contracted scope and timeline. Carried on Field Service Route Optimisation (INIT-011, Operations) and reported into the monthly PMO review.",Vendor,3,4,12,246000,Service credits in the SOW; escalate at monthly vendor governance,Bjorn Fraser,Mitigating,2026-06-10,2026-09-08
RSK-0025,INIT-012,Union consultation extends implementation timeline,"People-side risk: the change may not stick without sustained reinforcement. Carried on Preventive Maintenance Programme Overhaul (INIT-012, Operations) and reported into the monthly PMO review.",Change/Adoption,2,2,4,46000,Early engagement with employee representatives; phased site-by-site rollout,Olu Reinholt,Mitigating,2026-06-23,2026-07-23
RSK-0026,INIT-013,Supply chain analyst capacity absorbed by peak trading,"Capacity risk arising from contention for scarce specialist skills. Carried on Contact Centre Operating Model Redesign (INIT-013, Operations) and reported into the monthly PMO review.",Resource,2,3,6,175000,Ring-fence project allocation; agree BAU cover with the site leads,Isla Rahman,Closed,2027-01-08,2027-03-09
RSK-0027,INIT-014,Control evidence not retained to the required standard,"Compliance exposure if the control design is not accepted by audit or the regulator. Carried on Depot Consolidation - Northern Region (INIT-014, Operations) and reported into the monthly PMO review.",Regulatory,3,1,3,90000,Automate evidence capture; quarterly control self-assessment,Rafael MacAulay,Open,2027-04-30,2027-06-14
RSK-0028,INIT-014,Change manager vacancy unfilled for two months,"Capacity risk arising from contention for scarce specialist skills. Carried on Depot Consolidation - Northern Region (INIT-014, Operations) and reported into the monthly PMO review.",Resource,2,3,6,143000,Interim contractor while permanent recruitment completes,Idris Bramley,Mitigating,2027-04-30,2027-06-14
RSK-0029,INIT-015,Benefit case relies on headcount reductions not yet agreed,"Risk to the funding envelope or to the credibility of the benefit case. Carried on Robotic Process Automation Factory (INIT-015, Operations) and reported into the monthly PMO review.",Financial,2,3,6,23000,Sponsor to confirm the headcount plan; hold benefit at Low confidence,Kofi Menzies,Open,2026-08-05,2026-11-03
RSK-0030,INIT-015,Single-source dependency on niche implementation partner,"Third-party performance risk against the contracted scope and timeline. Carried on Robotic Process Automation Factory (INIT-015, Operations) and reported into the monthly PMO review.",Vendor,2,3,6,34000,Knowledge transfer clauses; second supplier pre-qualified,Tessa Ferreira,Open,2026-03-01,2026-03-31
RSK-0031,INIT-016,Change manager vacancy unfilled for two months,"Capacity risk arising from contention for scarce specialist skills. Carried on Quality Management System Harmonisation (INIT-016, Operations) and reported into the monthly PMO review.",Resource,4,5,20,146000,Interim contractor while permanent recruitment completes,Rafael Novak,Open,2026-01-26,2026-02-25
RSK-0032,INIT-016,Frontline adoption below target after go-live,"People-side risk: the change may not stick without sustained reinforcement. Carried on Quality Management System Harmonisation (INIT-016, Operations) and reported into the monthly PMO review.",Change/Adoption,4,3,12,171000,Super-user network; adoption dashboard tied to manager objectives,Rafael Novak,Mitigating,2026-04-26,2026-08-24
RSK-0033,INIT-016,Union consultation extends implementation timeline,"People-side risk: the change may not stick without sustained reinforcement. Carried on Quality Management System Harmonisation (INIT-016, Operations) and reported into the monthly PMO review.",Change/Adoption,4,5,20,253000,Early engagement with employee representatives; phased site-by-site rollout,Rafael Novak,Open,2026-01-18,2026-03-19
RSK-0034,INIT-016,Single-source dependency on niche implementation partner,"Third-party performance risk against the contracted scope and timeline. Carried on Quality Management System Harmonisation (INIT-016, Operations) and reported into the monthly PMO review.",Vendor,5,3,15,194000,Knowledge transfer clauses; second supplier pre-qualified,Rafael Novak,Mitigating,2026-06-09,2026-07-24
RSK-0035,INIT-017,Benefit case relies on headcount reductions not yet agreed,"Risk to the funding envelope or to the credibility of the benefit case. Carried on Health & Safety Digital Reporting (INIT-017, Operations) and reported into the monthly PMO review.",Financial,3,4,12,225000,Sponsor to confirm the headcount plan; hold benefit at Low confidence,Tessa Whitfield,Mitigating,2026-07-23,2026-09-06
RSK-0036,INIT-017,Critical path compresses if design sign-off slips,"Schedule and execution risk that could push the critical path to the right. Carried on Health & Safety Digital Reporting (INIT-017, Operations) and reported into the monthly PMO review.",Delivery,4,5,20,340000,Weekly design authority; pre-book sign-off slots with sponsor,Tessa Whitfield,Open,2026-07-01,2026-08-30
RSK-0037,INIT-017,Data engineering demand exceeds the available pool,"Capacity risk arising from contention for scarce specialist skills. Carried on Health & Safety Digital Reporting (INIT-017, Operations) and reported into the monthly PMO review.",Resource,4,4,16,122000,Prioritisation forum; contract two additional engineers,Lena Menzies,Mitigating,2026-07-11,2026-09-09
RSK-0038,INIT-018,Critical path compresses if design sign-off slips,"Schedule and execution risk that could push the critical path to the right. Carried on Service Scheduling & Dispatch Standardisation (INIT-018, Operations) and reported into the monthly PMO review.",Delivery,3,3,9,148000,Weekly design authority; pre-book sign-off slots with sponsor,Bjorn Nair,Open,2026-07-28,2026-11-25
RSK-0039,INIT-019,Union consultation extends implementation timeline,"People-side risk: the change may not stick without sustained reinforcement. Carried on Asset Utilisation & Fleet Telematics (INIT-019, Operations) and reported into the monthly PMO review.",Change/Adoption,2,3,6,93000,Early engagement with employee representatives; phased site-by-site rollout,Marcus Boateng,Open,2026-06-22,2026-08-21
RSK-0040,INIT-019,Key SME shared across three concurrent initiatives,"Capacity risk arising from contention for scarce specialist skills. Carried on Asset Utilisation & Fleet Telematics (INIT-019, Operations) and reported into the monthly PMO review.",Resource,1,4,4,116000,Formal allocation agreement; backfill the BAU role,Devon Doherty,Mitigating,2026-06-14,2026-07-29
RSK-0041,INIT-020,Licence pricing renegotiation lands above the business case,"Third-party performance risk against the contracted scope and timeline. Carried on Supplier Rationalisation Wave 2 (INIT-020, Supply Chain) and reported into the monthly PMO review.",Vendor,5,5,25,669000,Lock pricing at contract signature; cap uplift at CPI,Bjorn Duval,Mitigating,2026-05-31,2026-07-15
RSK-0042,INIT-020,Supply chain analyst capacity absorbed by peak trading,"Capacity risk arising from contention for scarce specialist skills. Carried on Supplier Rationalisation Wave 2 (INIT-020, Supply Chain) and reported into the monthly PMO review.",Resource,5,4,20,373000,Ring-fence project allocation; agree BAU cover with the site leads,Bjorn Whitfield,Open,2026-04-17,2026-08-15
RSK-0043,INIT-020,Scope creep from business unit change requests,"Schedule and execution risk that could push the critical path to the right. Carried on Supplier Rationalisation Wave 2 (INIT-020, Supply Chain) and reported into the monthly PMO review.",Delivery,3,5,15,181000,Change control board; scope baselined and re-approved monthly,Erik Nair,Mitigating,2026-07-26,2026-09-09
RSK-0044,INIT-020,Capex approval deferred to the next budget cycle,"Risk to the funding envelope or to the credibility of the benefit case. Carried on Supplier Rationalisation Wave 2 (INIT-020, Supply Chain) and reported into the monthly PMO review.",Financial,3,4,12,134000,Phase the spend; seek bridge funding from the contingency pot,Bjorn Whitfield,Closed,2026-05-22,2026-08-20
RSK-0045,INIT-021,Capex approval deferred to the next budget cycle,"Risk to the funding envelope or to the credibility of the benefit case. Carried on Distribution Network Redesign (INIT-021, Supply Chain) and reported into the monthly PMO review.",Financial,2,1,2,19000,Phase the spend; seek bridge funding from the contingency pot,Sinead Fraser,Closed,2026-08-11,2026-12-09
RSK-0046,INIT-021,Line managers not equipped to lead the change,"People-side risk: the change may not stick without sustained reinforcement. Carried on Distribution Network Redesign (INIT-021, Supply Chain) and reported into the monthly PMO review.",Change/Adoption,1,1,1,15000,Manager toolkit and briefing cascade ahead of each wave,Sinead Fraser,Open,2026-08-05,2026-12-03
RSK-0047,INIT-022,Data migration volumes exceed tested throughput,"Technical uncertainty that may require rework or additional discovery effort. Carried on S&OP Process Standardisation (INIT-022, Supply Chain) and reported into the monthly PMO review.",Technical,3,5,15,330000,Run full-volume rehearsal in pre-prod; add cutover contingency day,Rafael Nair,Open,2026-09-10,2026-10-25
RSK-0048,INIT-022,Frontline adoption below target after go-live,"People-side risk: the change may not stick without sustained reinforcement. Carried on S&OP Process Standardisation (INIT-022, Supply Chain) and reported into the monthly PMO review.",Change/Adoption,3,4,12,185000,Super-user network; adoption dashboard tied to manager objectives,Zoya Petrova,Mitigating,2026-09-09,2026-11-08
RSK-0049,INIT-023,Frontline adoption below target after go-live,"People-side risk: the change may not stick without sustained reinforcement. Carried on Inbound Freight Cost Reduction (INIT-023, Supply Chain) and reported into the monthly PMO review.",Change/Adoption,1,2,2,18000,Super-user network; adoption dashboard tied to manager objectives,Idris Vlach,Open,2026-07-20,2026-08-19
RSK-0050,INIT-024,Licence pricing renegotiation lands above the business case,"Third-party performance risk against the contracted scope and timeline. Carried on Warehouse Automation Pilot (INIT-024, Supply Chain) and reported into the monthly PMO review.",Vendor,2,4,8,31000,Lock pricing at contract signature; cap uplift at CPI,Rafael MacAulay,Closed,2026-12-12,2027-02-10
RSK-0051,INIT-024,Data residency requirements not met in target region,"Compliance exposure if the control design is not accepted by audit or the regulator. Carried on Warehouse Automation Pilot (INIT-024, Supply Chain) and reported into the monthly PMO review.",Regulatory,3,2,6,24000,Regional data enclave; legal review before cutover,Devon Lindqvist,Open,2026-12-12,2027-01-26
RSK-0052,INIT-025,Licence pricing renegotiation lands above the business case,"Third-party performance risk against the contracted scope and timeline. Carried on Inventory Optimisation & Safety Stock Reset (INIT-025, Supply Chain) and reported into the monthly PMO review.",Vendor,5,4,20,95000,Lock pricing at contract signature; cap uplift at CPI,Sinead Whitfield,Mitigating,2026-06-14,2026-08-13
RSK-0053,INIT-025,Benefit case relies on headcount reductions not yet agreed,"Risk to the funding envelope or to the credibility of the benefit case. Carried on Inventory Optimisation & Safety Stock Reset (INIT-025, Supply Chain) and reported into the monthly PMO review.",Financial,5,5,25,235000,Sponsor to confirm the headcount plan; hold benefit at Low confidence,Gregor Mendes,Open,2026-08-03,2026-09-17
RSK-0054,INIT-026,Environment availability constrains parallel testing,"Technical uncertainty that may require rework or additional discovery effort. Carried on Warehouse Management System Upgrade (INIT-026, Supply Chain) and reported into the monthly PMO review.",Technical,2,3,6,45000,Build second test environment; stagger test cycles,Rohan Vlach,Closed,2026-01-30,2026-03-16
RSK-0055,INIT-026,Licence pricing renegotiation lands above the business case,"Third-party performance risk against the contracted scope and timeline. Carried on Warehouse Management System Upgrade (INIT-026, Supply Chain) and reported into the monthly PMO review.",Vendor,3,2,6,61000,Lock pricing at contract signature; cap uplift at CPI,Callum Corrigan,Mitigating,2026-04-03,2026-08-01
RSK-0056,INIT-027,Key SME shared across three concurrent initiatives,"Capacity risk arising from contention for scarce specialist skills. Carried on Packaging & Consumables Standardisation (INIT-027, Supply Chain) and reported into the monthly PMO review.",Resource,1,1,1,22000,Formal allocation agreement; backfill the BAU role,Bjorn Adeyemi,Mitigating,2026-07-29,2026-10-27
RSK-0057,INIT-028,Frontline adoption below target after go-live,"People-side risk: the change may not stick without sustained reinforcement. Carried on Order-to-Cash Automation (INIT-028, Finance) and reported into the monthly PMO review.",Change/Adoption,3,1,3,28000,Super-user network; adoption dashboard tied to manager objectives,Marcus Bramley,Mitigating,2026-07-17,2026-08-16
RSK-0058,INIT-029,Change manager vacancy unfilled for two months,"Capacity risk arising from contention for scarce specialist skills. Carried on Month-End Close Acceleration (INIT-029, Finance) and reported into the monthly PMO review.",Resource,1,1,1,5000,Interim contractor while permanent recruitment completes,Rafael Doherty,Mitigating,2026-07-03,2026-08-02
RSK-0059,INIT-029,Data migration volumes exceed tested throughput,"Technical uncertainty that may require rework or additional discovery effort. Carried on Month-End Close Acceleration (INIT-029, Finance) and reported into the monthly PMO review.",Technical,3,2,6,35000,Run full-volume rehearsal in pre-prod; add cutover contingency day,Elise Buchanan,Open,2026-03-29,2026-05-28
RSK-0060,INIT-029,Data residency requirements not met in target region,"Compliance exposure if the control design is not accepted by audit or the regulator. Carried on Month-End Close Acceleration (INIT-029, Finance) and reported into the monthly PMO review.",Regulatory,3,4,12,66000,Regional data enclave; legal review before cutover,Struan Menzies,Mitigating,2025-12-15,2026-01-14
RSK-0061,INIT-030,Control evidence not retained to the required standard,"Compliance exposure if the control design is not accepted by audit or the regulator. Carried on Procurement Source-to-Pay Redesign (INIT-030, Finance) and reported into the monthly PMO review.",Regulatory,3,1,3,34000,Automate evidence capture; quarterly control self-assessment,Zoya Doherty,Mitigating,2026-03-23,2026-05-22
RSK-0062,INIT-030,Data migration volumes exceed tested throughput,"Technical uncertainty that may require rework or additional discovery effort. Carried on Procurement Source-to-Pay Redesign (INIT-030, Finance) and reported into the monthly PMO review.",Technical,2,3,6,49000,Run full-volume rehearsal in pre-prod; add cutover contingency day,Gregor Farouk,Closed,2026-03-23,2026-05-07
RSK-0063,INIT-030,Testing window overlaps with year-end freeze,"Schedule and execution risk that could push the critical path to the right. Carried on Procurement Source-to-Pay Redesign (INIT-030, Finance) and reported into the monthly PMO review.",Delivery,3,3,9,69000,Negotiate early freeze exemption; shift regression to November,Amara Ferreira,Closed,2026-03-27,2026-04-26
RSK-0064,INIT-031,Data engineering demand exceeds the available pool,"Capacity risk arising from contention for scarce specialist skills. Carried on Finance Shared Services Centre Stand-Up (INIT-031, Finance) and reported into the monthly PMO review.",Resource,3,4,12,48000,Prioritisation forum; contract two additional engineers,Gregor MacAulay,Open,2026-07-21,2026-11-18
RSK-0065,INIT-031,Key SME shared across three concurrent initiatives,"Capacity risk arising from contention for scarce specialist skills. Carried on Finance Shared Services Centre Stand-Up (INIT-031, Finance) and reported into the monthly PMO review.",Resource,4,3,12,27000,Formal allocation agreement; backfill the BAU role,Beatriz Farouk,Open,2026-07-18,2026-10-16
RSK-0066,INIT-032,Data residency requirements not met in target region,"Compliance exposure if the control design is not accepted by audit or the regulator. Carried on Working Capital - Payables Terms Harmonisation (INIT-032, Finance) and reported into the monthly PMO review.",Regulatory,2,2,4,12000,Regional data enclave; legal review before cutover,Bjorn Farouk,Open,2026-06-02,2026-07-17
RSK-0067,INIT-032,Key SME shared across three concurrent initiatives,"Capacity risk arising from contention for scarce specialist skills. Carried on Working Capital - Payables Terms Harmonisation (INIT-032, Finance) and reported into the monthly PMO review.",Resource,4,5,20,67000,Formal allocation agreement; backfill the BAU role,Kofi MacAulay,Mitigating,2026-07-13,2026-09-11
RSK-0068,INIT-033,Data migration volumes exceed tested throughput,"Technical uncertainty that may require rework or additional discovery effort. Carried on Group Planning & Forecasting Rebuild (FP&A) (INIT-033, Finance) and reported into the monthly PMO review.",Technical,2,1,2,31000,Run full-volume rehearsal in pre-prod; add cutover contingency day,Amara Adeyemi,Open,2026-10-24,2026-11-23
RSK-0069,INIT-033,Control evidence not retained to the required standard,"Compliance exposure if the control design is not accepted by audit or the regulator. Carried on Group Planning & Forecasting Rebuild (FP&A) (INIT-033, Finance) and reported into the monthly PMO review.",Regulatory,3,2,6,101000,Automate evidence capture; quarterly control self-assessment,Tomas Rahman,Mitigating,2026-10-24,2027-02-21
RSK-0070,INIT-034,Supply chain analyst capacity absorbed by peak trading,"Capacity risk arising from contention for scarce specialist skills. Carried on Insurance Programme Restructure (INIT-034, Finance) and reported into the monthly PMO review.",Resource,5,5,25,389000,Ring-fence project allocation; agree BAU cover with the site leads,Amara Arnesen,Mitigating,2026-03-01,2026-06-29
RSK-0071,INIT-034,Insufficient training capacity in peak season,"People-side risk: the change may not stick without sustained reinforcement. Carried on Insurance Programme Restructure (INIT-034, Finance) and reported into the monthly PMO review.",Change/Adoption,3,5,15,291000,Move to blended e-learning; train-the-trainer in each depot,Nuala Arnesen,Open,2026-05-28,2026-07-12
RSK-0072,INIT-034,Control evidence not retained to the required standard,"Compliance exposure if the control design is not accepted by audit or the regulator. Carried on Insurance Programme Restructure (INIT-034, Finance) and reported into the monthly PMO review.",Regulatory,3,4,12,260000,Automate evidence capture; quarterly control self-assessment,Lena MacAulay,Open,2026-02-03,2026-06-03
RSK-0073,INIT-034,Single-source dependency on niche implementation partner,"Third-party performance risk against the contracted scope and timeline. Carried on Insurance Programme Restructure (INIT-034, Finance) and reported into the monthly PMO review.",Vendor,3,3,9,110000,Knowledge transfer clauses; second supplier pre-qualified,Nuala Arnesen,Open,2026-06-17,2026-09-15
RSK-0074,INIT-035,Legacy interfaces poorly documented,"Technical uncertainty that may require rework or additional discovery effort. Carried on HRIS Consolidation to Workday (INIT-035, HR / People) and reported into the monthly PMO review.",Technical,5,3,15,21000,Fund a discovery spike; engage original vendor for schema walkthrough,Anika Rahman,Mitigating,2026-05-16,2026-06-15
RSK-0075,INIT-035,Control evidence not retained to the required standard,"Compliance exposure if the control design is not accepted by audit or the regulator. Carried on HRIS Consolidation to Workday (INIT-035, HR / People) and reported into the monthly PMO review.",Regulatory,3,5,15,80000,Automate evidence capture; quarterly control self-assessment,Erik Corrigan,Mitigating,2026-07-13,2026-09-11
RSK-0076,INIT-035,Supply chain analyst capacity absorbed by peak trading,"Capacity risk arising from contention for scarce specialist skills. Carried on HRIS Consolidation to Workday (INIT-035, HR / People) and reported into the monthly PMO review.",Resource,4,4,16,41000,Ring-fence project allocation; agree BAU cover with the site leads,Anika Rahman,Mitigating,2026-02-13,2026-03-30
RSK-0077,INIT-036,Savings double-counted with another initiative,"Risk to the funding envelope or to the credibility of the benefit case. Carried on Frontline Hiring Funnel Redesign (INIT-036, HR / People) and reported into the monthly PMO review.",Financial,3,3,9,195000,Benefit ownership matrix agreed with Finance; single booking point,Hamish Reinholt,Closed,2026-01-15,2026-02-14
RSK-0078,INIT-036,Control evidence not retained to the required standard,"Compliance exposure if the control design is not accepted by audit or the regulator. Carried on Frontline Hiring Funnel Redesign (INIT-036, HR / People) and reported into the monthly PMO review.",Regulatory,2,3,6,146000,Automate evidence capture; quarterly control self-assessment,Hamish Reinholt,Mitigating,2026-07-09,2026-09-07
RSK-0079,INIT-036,Change manager vacancy unfilled for two months,"Capacity risk arising from contention for scarce specialist skills. Carried on Frontline Hiring Funnel Redesign (INIT-036, HR / People) and reported into the monthly PMO review.",Resource,1,1,1,26000,Interim contractor while permanent recruitment completes,Idris Vlach,Closed,2026-04-22,2026-06-06
RSK-0080,INIT-037,Savings double-counted with another initiative,"Risk to the funding envelope or to the credibility of the benefit case. Carried on Manager Capability Programme (INIT-037, HR / People) and reported into the monthly PMO review.",Financial,1,2,2,2000,Benefit ownership matrix agreed with Finance; single booking point,Olu Kaur,Mitigating,2026-10-14,2026-11-28
RSK-0081,INIT-038,Data residency requirements not met in target region,"Compliance exposure if the control design is not accepted by audit or the regulator. Carried on Shared Services HR Operating Model (INIT-038, HR / People) and reported into the monthly PMO review.",Regulatory,4,2,8,73000,Regional data enclave; legal review before cutover,Freya Halvorsen,Mitigating,2026-07-12,2026-10-10
RSK-0082,INIT-038,Scope creep from business unit change requests,"Schedule and execution risk that could push the critical path to the right. Carried on Shared Services HR Operating Model (INIT-038, HR / People) and reported into the monthly PMO review.",Delivery,2,2,4,28000,Change control board; scope baselined and re-approved monthly,Elise Duval,Mitigating,2026-07-11,2026-11-08
RSK-0083,INIT-039,Change manager vacancy unfilled for two months,"Capacity risk arising from contention for scarce specialist skills. Carried on Organisational Delayering & Span of Control (INIT-039, HR / People) and reported into the monthly PMO review.",Resource,5,3,15,110000,Interim contractor while permanent recruitment completes,Yusuf Arnesen,Mitigating,2026-08-05,2026-12-03
RSK-0084,INIT-039,Capex approval deferred to the next budget cycle,"Risk to the funding envelope or to the credibility of the benefit case. Carried on Organisational Delayering & Span of Control (INIT-039, HR / People) and reported into the monthly PMO review.",Financial,4,4,16,455000,Phase the spend; seek bridge funding from the contingency pot,Devon Kilbride,Open,2026-08-07,2026-09-21
RSK-0085,INIT-039,Environment availability constrains parallel testing,"Technical uncertainty that may require rework or additional discovery effort. Carried on Organisational Delayering & Span of Control (INIT-039, HR / People) and reported into the monthly PMO review.",Technical,3,3,9,133000,Build second test environment; stagger test cycles,Beatriz Kaur,Open,2026-08-07,2026-12-05
RSK-0086,INIT-040,Supply chain analyst capacity absorbed by peak trading,"Capacity risk arising from contention for scarce specialist skills. Carried on Overtime & Absence Management (INIT-040, HR / People) and reported into the monthly PMO review.",Resource,2,3,6,21000,Ring-fence project allocation; agree BAU cover with the site leads,Nadia Doherty,Closed,2026-06-10,2026-08-09
RSK-0087,INIT-040,FX movement erodes savings in non-GBP contracts,"Risk to the funding envelope or to the credibility of the benefit case. Carried on Overtime & Absence Management (INIT-040, HR / People) and reported into the monthly PMO review.",Financial,4,3,12,72000,Hedge material contracts; report benefits at constant currency,Hamish Menzies,Closed,2026-06-18,2026-07-18
RSK-0088,INIT-040,Key SME shared across three concurrent initiatives,"Capacity risk arising from contention for scarce specialist skills. Carried on Overtime & Absence Management (INIT-040, HR / People) and reported into the monthly PMO review.",Resource,4,5,20,149000,Formal allocation agreement; backfill the BAU role,Nadia Doherty,Mitigating,2026-08-11,2026-10-10
RSK-0089,INIT-041,Benefit case relies on headcount reductions not yet agreed,"Risk to the funding envelope or to the credibility of the benefit case. Carried on Contractor to Permanent Conversion (INIT-041, HR / People) and reported into the monthly PMO review.",Financial,2,5,10,83000,Sponsor to confirm the headcount plan; hold benefit at Low confidence,Rohan Achebe,Open,2026-06-22,2026-07-22
RSK-0090,INIT-041,Legacy interfaces poorly documented,"Technical uncertainty that may require rework or additional discovery effort. Carried on Contractor to Permanent Conversion (INIT-041, HR / People) and reported into the monthly PMO review.",Technical,4,4,16,134000,Fund a discovery spike; engage original vendor for schema walkthrough,Gregor MacAulay,Open,2026-01-17,2026-03-18
RSK-0091,INIT-042,Legacy interfaces poorly documented,"Technical uncertainty that may require rework or additional discovery effort. Carried on Customer Segmentation & Pricing Analytics (INIT-042, Growth / Commercial) and reported into the monthly PMO review.",Technical,3,2,6,42000,Fund a discovery spike; engage original vendor for schema walkthrough,Nadia Adeyemi,Open,2026-07-17,2026-10-15
RSK-0092,INIT-043,Change manager vacancy unfilled for two months,"Capacity risk arising from contention for scarce specialist skills. Carried on E-Commerce Channel Launch (INIT-043, Growth / Commercial) and reported into the monthly PMO review.",Resource,3,1,3,38000,Interim contractor while permanent recruitment completes,Anika Whitfield,Closed,2026-12-22,2027-03-22
RSK-0093,INIT-044,Critical path compresses if design sign-off slips,"Schedule and execution risk that could push the critical path to the right. Carried on Key Account Management Programme (INIT-044, Growth / Commercial) and reported into the monthly PMO review.",Delivery,3,5,15,260000,Weekly design authority; pre-book sign-off slots with sponsor,Erik Sandison,Mitigating,2026-06-19,2026-08-03
RSK-0094,INIT-044,Supply chain analyst capacity absorbed by peak trading,"Capacity risk arising from contention for scarce specialist skills. Carried on Key Account Management Programme (INIT-044, Growth / Commercial) and reported into the monthly PMO review.",Resource,5,5,25,380000,Ring-fence project allocation; agree BAU cover with the site leads,Nuala Boateng,Open,2026-05-19,2026-07-03
RSK-0095,INIT-044,Union consultation extends implementation timeline,"People-side risk: the change may not stick without sustained reinforcement. Carried on Key Account Management Programme (INIT-044, Growth / Commercial) and reported into the monthly PMO review.",Change/Adoption,5,3,15,94000,Early engagement with employee representatives; phased site-by-site rollout,Nuala Boateng,Open,2026-05-16,2026-09-13
RSK-0096,INIT-045,FX movement erodes savings in non-GBP contracts,"Risk to the funding envelope or to the credibility of the benefit case. Carried on New Market Entry - Nordics (INIT-045, Growth / Commercial) and reported into the monthly PMO review.",Financial,2,2,4,19000,Hedge material contracts; report benefits at constant currency,Freya Fraser,Open,2027-05-28,2027-06-27
RSK-0097,INIT-046,Vendor resource ramp slower than contracted,"Third-party performance risk against the contracted scope and timeline. Carried on Aftermarket Services Proposition (INIT-046, Growth / Commercial) and reported into the monthly PMO review.",Vendor,3,1,3,66000,Service credits in the SOW; escalate at monthly vendor governance,Priya Farouk,Closed,2026-12-29,2027-03-29
RSK-0098,INIT-047,Vendor resource ramp slower than contracted,"Third-party performance risk against the contracted scope and timeline. Carried on Subscription Maintenance Offering (INIT-047, Growth / Commercial) and reported into the monthly PMO review.",Vendor,1,1,1,20000,Service credits in the SOW; escalate at monthly vendor governance,Struan Whitfield,Mitigating,2026-12-09,2027-03-09
RSK-0099,INIT-047,Benefit case relies on headcount reductions not yet agreed,"Risk to the funding envelope or to the credibility of the benefit case. Carried on Subscription Maintenance Offering (INIT-047, Growth / Commercial) and reported into the monthly PMO review.",Financial,2,2,4,88000,Sponsor to confirm the headcount plan; hold benefit at Low confidence,Struan Whitfield,Open,2026-12-10,2027-02-08
RSK-0100,INIT-047,Insufficient training capacity in peak season,"People-side risk: the change may not stick without sustained reinforcement. Carried on Subscription Maintenance Offering (INIT-047, Growth / Commercial) and reported into the monthly PMO review.",Change/Adoption,3,4,12,293000,Move to blended e-learning; train-the-trainer in each depot,Struan Whitfield,Mitigating,2026-12-09,2027-01-08
RSK-0101,INIT-048,Savings double-counted with another initiative,"Risk to the funding envelope or to the credibility of the benefit case. Carried on Bid & Tender Win-Rate Improvement (INIT-048, Growth / Commercial) and reported into the monthly PMO review.",Financial,3,5,15,247000,Benefit ownership matrix agreed with Finance; single booking point,Amara Duval,Open,2026-02-17,2026-05-18
RSK-0102,INIT-048,Insufficient training capacity in peak season,"People-side risk: the change may not stick without sustained reinforcement. Carried on Bid & Tender Win-Rate Improvement (INIT-048, Growth / Commercial) and reported into the monthly PMO review.",Change/Adoption,4,4,16,169000,Move to blended e-learning; train-the-trainer in each depot,Nuala Petrova,Open,2026-05-29,2026-08-27
RSK-0103,INIT-048,Scope creep from business unit change requests,"Schedule and execution risk that could push the critical path to the right. Carried on Bid & Tender Win-Rate Improvement (INIT-048, Growth / Commercial) and reported into the monthly PMO review.",Delivery,4,3,12,92000,Change control board; scope baselined and re-approved monthly,Clara Whitfield,Open,2026-02-09,2026-03-11
RSK-0104,INIT-048,Data engineering demand exceeds the available pool,"Capacity risk arising from contention for scarce specialist skills. Carried on Bid & Tender Win-Rate Improvement (INIT-048, Growth / Commercial) and reported into the monthly PMO review.",Resource,2,2,4,24000,Prioritisation forum; contract two additional engineers,Nuala Petrova,Closed,2026-06-29,2026-08-13
RSK-0105,INIT-049,Frontline adoption below target after go-live,"People-side risk: the change may not stick without sustained reinforcement. Carried on Customer Self-Service Portal (INIT-049, Growth / Commercial) and reported into the monthly PMO review.",Change/Adoption,3,4,12,120000,Super-user network; adoption dashboard tied to manager objectives,Callum Nair,Open,2026-05-25,2026-07-09
RSK-0106,INIT-050,Scope creep from business unit change requests,"Schedule and execution risk that could push the critical path to the right. Carried on Indirect Spend Category Reset (INIT-050, Cost Reduction) and reported into the monthly PMO review.",Delivery,3,2,6,103000,Change control board; scope baselined and re-approved monthly,Beatriz Mehta,Mitigating,2026-03-04,2026-05-03
RSK-0107,INIT-050,Environment availability constrains parallel testing,"Technical uncertainty that may require rework or additional discovery effort. Carried on Indirect Spend Category Reset (INIT-050, Cost Reduction) and reported into the monthly PMO review.",Technical,3,5,15,172000,Build second test environment; stagger test cycles,Zoya Nair,Mitigating,2026-04-14,2026-05-14
RSK-0108,INIT-051,Capex approval deferred to the next budget cycle,"Risk to the funding envelope or to the credibility of the benefit case. Carried on Real Estate Footprint Rationalisation (INIT-051, Cost Reduction) and reported into the monthly PMO review.",Financial,3,2,6,40000,Phase the spend; seek bridge funding from the contingency pot,Nuala Novak,Open,2026-10-19,2027-02-16
RSK-0109,INIT-051,Scope creep from business unit change requests,"Schedule and execution risk that could push the critical path to the right. Carried on Real Estate Footprint Rationalisation (INIT-051, Cost Reduction) and reported into the monthly PMO review.",Delivery,3,2,6,54000,Change control board; scope baselined and re-approved monthly,Beatriz Whitfield,Closed,2026-10-18,2026-12-02
RSK-0110,INIT-051,Change manager vacancy unfilled for two months,"Capacity risk arising from contention for scarce specialist skills. Carried on Real Estate Footprint Rationalisation (INIT-051, Cost Reduction) and reported into the monthly PMO review.",Resource,3,3,9,60000,Interim contractor while permanent recruitment completes,Tomas Fraser,Mitigating,2026-10-19,2026-11-18
RSK-0111,INIT-051,Testing window overlaps with year-end freeze,"Schedule and execution risk that could push the critical path to the right. Carried on Real Estate Footprint Rationalisation (INIT-051, Cost Reduction) and reported into the monthly PMO review.",Delivery,2,5,10,99000,Negotiate early freeze exemption; shift regression to November,Tessa Sandison,Open,2026-10-18,2026-12-17
RSK-0112,INIT-052,Data residency requirements not met in target region,"Compliance exposure if the control design is not accepted by audit or the regulator. Carried on IT Application Portfolio Rationalisation (INIT-052, Cost Reduction) and reported into the monthly PMO review.",Regulatory,3,2,6,19000,Regional data enclave; legal review before cutover,Freya Mehta,Closed,2026-07-18,2026-11-15
RSK-0113,INIT-053,Data engineering demand exceeds the available pool,"Capacity risk arising from contention for scarce specialist skills. Carried on Telecoms & Connectivity Renegotiation (INIT-053, Cost Reduction) and reported into the monthly PMO review.",Resource,5,4,20,237000,Prioritisation forum; contract two additional engineers,Freya Mendes,Mitigating,2025-11-16,2026-01-15
RSK-0114,INIT-053,Capex approval deferred to the next budget cycle,"Risk to the funding envelope or to the credibility of the benefit case. Carried on Telecoms & Connectivity Renegotiation (INIT-053, Cost Reduction) and reported into the monthly PMO review.",Financial,3,5,15,164000,Phase the spend; seek bridge funding from the contingency pot,Tomas Achebe,Open,2026-03-28,2026-05-27
RSK-0115,INIT-053,Scope creep from business unit change requests,"Schedule and execution risk that could push the critical path to the right. Carried on Telecoms & Connectivity Renegotiation (INIT-053, Cost Reduction) and reported into the monthly PMO review.",Delivery,5,3,15,231000,Change control board; scope baselined and re-approved monthly,Devon Adeyemi,Open,2026-03-21,2026-06-19
RSK-0116,INIT-054,Data migration volumes exceed tested throughput,"Technical uncertainty that may require rework or additional discovery effort. Carried on Energy Efficiency & Utilities Programme (INIT-054, Cost Reduction) and reported into the monthly PMO review.",Technical,3,5,15,45000,Run full-volume rehearsal in pre-prod; add cutover contingency day,Erik Rahman,Mitigating,2026-03-26,2026-05-10
RSK-0117,INIT-054,Capex approval deferred to the next budget cycle,"Risk to the funding envelope or to the credibility of the benefit case. Carried on Energy Efficiency & Utilities Programme (INIT-054, Cost Reduction) and reported into the monthly PMO review.",Financial,3,4,12,32000,Phase the spend; seek bridge funding from the contingency pot,Hamish Sandison,Closed,2026-07-11,2026-09-09
RSK-0118,INIT-054,Single-source dependency on niche implementation partner,"Third-party performance risk against the contracted scope and timeline. Carried on Energy Efficiency & Utilities Programme (INIT-054, Cost Reduction) and reported into the monthly PMO review.",Vendor,3,4,12,66000,Knowledge transfer clauses; second supplier pre-qualified,Hamish Sandison,Mitigating,2026-02-01,2026-03-18
RSK-0119,INIT-055,Data migration volumes exceed tested throughput,"Technical uncertainty that may require rework or additional discovery effort. Carried on Third-Party Advisory Spend Control (INIT-055, Cost Reduction) and reported into the monthly PMO review.",Technical,5,5,25,93000,Run full-volume rehearsal in pre-prod; add cutover contingency day,Struan Menzies,Mitigating,2025-07-28,2025-08-27
RSK-0120,INIT-055,FX movement erodes savings in non-GBP contracts,"Risk to the funding envelope or to the credibility of the benefit case. Carried on Third-Party Advisory Spend Control (INIT-055, Cost Reduction) and reported into the monthly PMO review.",Financial,5,4,20,261000,Hedge material contracts; report benefits at constant currency,Clara Halvorsen,Mitigating,2025-10-06,2025-11-05
RSK-0121,INIT-055,Frontline adoption below target after go-live,"People-side risk: the change may not stick without sustained reinforcement. Carried on Third-Party Advisory Spend Control (INIT-055, Cost Reduction) and reported into the monthly PMO review.",Change/Adoption,5,3,15,114000,Super-user network; adoption dashboard tied to manager objectives,Isla Petrova,Mitigating,2025-10-12,2026-02-09
RSK-0122,INIT-055,Union consultation extends implementation timeline,"People-side risk: the change may not stick without sustained reinforcement. Carried on Third-Party Advisory Spend Control (INIT-055, Cost Reduction) and reported into the monthly PMO review.",Change/Adoption,4,5,20,191000,Early engagement with employee representatives; phased site-by-site rollout,Beatriz Farouk,Mitigating,2026-01-09,2026-03-10
RSK-0123,INIT-056,Data engineering demand exceeds the available pool,"Capacity risk arising from contention for scarce specialist skills. Carried on SOX Control Remediation (INIT-056, Risk & Compliance) and reported into the monthly PMO review.",Resource,3,3,9,51000,Prioritisation forum; contract two additional engineers,Zoya Halvorsen,Closed,2026-06-25,2026-08-09
RSK-0124,INIT-056,Environment availability constrains parallel testing,"Technical uncertainty that may require rework or additional discovery effort. Carried on SOX Control Remediation (INIT-056, Risk & Compliance) and reported into the monthly PMO review.",Technical,3,2,6,37000,Build second test environment; stagger test cycles,Zoya Halvorsen,Open,2026-06-05,2026-07-20
RSK-0125,INIT-056,Benefit case relies on headcount reductions not yet agreed,"Risk to the funding envelope or to the credibility of the benefit case. Carried on SOX Control Remediation (INIT-056, Risk & Compliance) and reported into the monthly PMO review.",Financial,2,3,6,64000,Sponsor to confirm the headcount plan; hold benefit at Low confidence,Zoya Halvorsen,Mitigating,2026-05-04,2026-08-02
RSK-0126,INIT-056,Data migration volumes exceed tested throughput,"Technical uncertainty that may require rework or additional discovery effort. Carried on SOX Control Remediation (INIT-056, Risk & Compliance) and reported into the monthly PMO review.",Technical,2,2,4,70000,Run full-volume rehearsal in pre-prod; add cutover contingency day,Struan Doherty,Mitigating,2026-04-24,2026-05-24
RSK-0127,INIT-057,Union consultation extends implementation timeline,"People-side risk: the change may not stick without sustained reinforcement. Carried on Data Privacy Programme (GDPR/CCPA) (INIT-057, Risk & Compliance) and reported into the monthly PMO review.",Change/Adoption,3,2,6,26000,Early engagement with employee representatives; phased site-by-site rollout,Priya Demir,Mitigating,2026-06-25,2026-08-24
RSK-0128,INIT-057,Capex approval deferred to the next budget cycle,"Risk to the funding envelope or to the credibility of the benefit case. Carried on Data Privacy Programme (GDPR/CCPA) (INIT-057, Risk & Compliance) and reported into the monthly PMO review.",Financial,2,4,8,70000,Phase the spend; seek bridge funding from the contingency pot,Gregor Halvorsen,Mitigating,2026-05-17,2026-09-14
RSK-0129,INIT-058,Savings double-counted with another initiative,"Risk to the funding envelope or to the credibility of the benefit case. Carried on Cyber Security Uplift - Endpoint & SIEM (INIT-058, Risk & Compliance) and reported into the monthly PMO review.",Financial,1,2,2,13000,Benefit ownership matrix agreed with Finance; single booking point,Tessa Halvorsen,Mitigating,2025-11-23,2025-12-23
RSK-0130,INIT-059,Environment availability constrains parallel testing,"Technical uncertainty that may require rework or additional discovery effort. Carried on Data Governance & Quality Framework (INIT-059, Risk & Compliance) and reported into the monthly PMO review.",Technical,1,3,3,28000,Build second test environment; stagger test cycles,Erik Menzies,Mitigating,2026-08-15,2026-09-29
RSK-0131,INIT-060,Control evidence not retained to the required standard,"Compliance exposure if the control design is not accepted by audit or the regulator. Carried on Third-Party & Supplier Risk Management (INIT-060, Risk & Compliance) and reported into the monthly PMO review.",Regulatory,3,4,12,116000,Automate evidence capture; quarterly control self-assessment,Amara Bramley,Open,2026-12-26,2027-03-26
